,ID,Country,population (2023),area,landAreaKm,unMember,netChange,growthRate,worldPercentage,density,densityMi,rank,LPI Grouped Rank,Customs Score,Customs Grouped Rank,Infrastructure Score,Infrastructure Grouped Rank,International Shipments Score,International Shipments Grouped Rank,Logistics Competence and Quality Score,Logistics Competence and Quality Grouped Rank,Timeliness Score,Timeliness Grouped Rank,Tracking and Tracing Score,Tracking and Tracing Grouped Rank
0,0,Singapore,6014723.0,710.0,718.0,True,0.0012,0.0065,0.0008,8377.0515,21696.5635,114,1,4.2,1,4.6,1,4.0,2,4.4,1,4.3,1,4.4,1
1,1,Finland,5545475.0,338424.0,303940.0,True,0.0001,0.0009,0.0007,18.2453,47.2553,118,2,4.0,4,4.2,5,4.1,1,4.2,3,4.3,1,4.2,3
2,2,Denmark,5910913.0,43094.0,40000.0,True,0.0009,0.0049,0.0007,147.7728,382.7316,115,3,4.1,2,4.1,9,3.6,14,4.1,9,4.1,10,4.3,2
3,3,Germany,83294633.0,357114.0,349390.0,True,-0.0012,-0.0009,0.0104,238.4002,617.4564,19,3,3.9,7,4.3,3,3.7,8,4.2,3,4.1,10,4.2,3
4,4,Netherlands,17618299.0,41850.0,33670.0,True,0.0017,0.0031,0.0022,523.264,1355.2538,72,3,3.9,7,4.2,5,3.7,8,4.2,3,4.0,17,4.2,3
5,5,Switzerland,8796669.0,41284.0,39516.0,True,0.0018,0.0064,0.0011,222.6103,576.5607,101,3,4.1,2,4.4,2,3.6,14,4.3,2,4.2,4,4.2,3
6,6,Austria,8958960.0,83871.0,82520.0,True,0.0006,0.0022,0.0011,108.5671,281.1889,100,7,3.7,14,3.9,16,3.8,4,4.0,11,4.3,1,4.2,3
7,7,Belgium,11686140.0,30528.0,30280.0,True,0.0009,0.0026,0.0015,385.9359,999.5741,82,7,3.9,7,4.1,9,3.8,4,4.2,3,4.2,4,4.0,16
8,8,Canada,38781291.0,9984670.0,8965590.0,True,0.0104,0.0085,0.0048,4.3256,11.2032,38,7,4.0,4,4.3,3,3.6,14,4.2,3,4.1,10,4.1,11
9,9,Hong Kong,7491609.0,1104.0,1050.0,False,0.0002,0.0004,0.0009,7134.8657,18479.3022,104,7,3.8,12,4.0,14,4.0,2,4.0,11,4.1,10,4.2,3
10,10,Sweden,10612086.0,450295.0,407283.5,True,0.002,0.0059,0.0013,26.0558,67.4844,87,7,4.0,4,4.2,5,3.4,26,4.2,3,4.2,4,4.1,11
11,11,United Arab Emirates,9516871.0,83600.0,71020.0,True,0.0024,0.008,0.0012,134.0027,347.067,96,7,3.7,14,4.1,9,3.8,4,4.0,11,4.2,4,4.1,11
12,12,France,64756584.0,551695.0,547557.0,True,0.004,0.002,0.0081,118.2646,306.3052,23,13,3.7,14,3.8,19,3.7,8,3.8,20,4.1,10,4.0,16
13,13,Japan,123294513.0,377930.0,364500.0,True,-0.0209,-0.0053,0.0154,338.2566,876.0845,12,13,3.9,7,4.2,5,3.3,38,4.1,9,4.0,17,4.0,16
14,14,Spain,47519628.0,505992.0,499556.6,True,-0.0014,-0.0008,0.0059,95.1236,246.3702,32,13,3.6,20,3.8,19,3.7,8,3.9,14,4.2,4,4.1,11
15,15,United States,339996563.0,9372610.0,9147420.0,True,0.0581,0.005,0.0425,37.1686,96.2666,3,17,3.7,14,3.9,16,3.4,26,3.9,14,3.8,25,4.2,3
16,16,Australia,26439111.0,7692024.0,7692020.0,True,0.0083,0.01,0.0033,3.4372,8.9024,55,19,3.7,14,4.1,9,3.1,47,3.9,14,3.6,35,4.1,11
17,17,China,1425671352.0,9706961.0,9424702.9,True,-0.0113,-0.0002,0.1781,151.2696,391.7884,2,19,3.3,31,4.0,14,3.6,14,3.8,20,3.7,30,3.8,23
18,18,Greece,10341277.0,131990.0,128900.0,True,-0.0012,-0.0042,0.0013,80.2271,207.7883,91,19,3.2,37,3.7,25,3.8,4,3.8,20,3.9,21,3.9,20
19,19,Italy,58870762.0,301336.0,295717.0,True,-0.0054,-0.0028,0.0074,199.078,515.6121,25,19,3.4,24,3.8,19,3.4,26,3.8,20,3.9,21,3.9,20
20,20,Norway,5474360.0,323802.0,364285.0,True,0.0013,0.0074,0.0007,15.0277,38.9217,119,19,3.8,12,3.9,16,3.0,57,3.8,20,4.0,17,3.7,29
21,21,South Africa,60414495.0,1221037.0,1213090.0,True,0.0173,0.0087,0.0075,49.8022,128.9876,24,19,3.3,31,3.6,30,3.6,14,3.8,20,3.8,25,3.8,23
22,22,United Kingdom,67736802.0,242900.0,241930.0,True,0.0072,0.0034,0.0085,279.9851,725.1615,21,19,3.5,22,3.7,25,3.5,22,3.7,28,3.7,30,4.0,16
23,23,Estonia,1322765.0,45227.0,42750.0,True,-0.0001,-0.0025,0.0002,30.9419,80.1394,156,26,3.2,37,3.5,39,3.4,26,3.7,28,4.1,10,3.8,23
24,24,Iceland,375318.0,103000.0,100830.0,True,0.0001,0.0065,0.0,3.7223,9.6407,179,26,3.7,14,3.6,30,3.3,38,3.5,38,3.6,35,3.7,29
25,25,Ireland,5056935.0,70273.0,68890.0,True,0.0011,0.0067,0.0006,73.4059,190.1214,125,26,3.4,24,3.5,39,3.6,14,3.6,33,3.7,30,3.7,29
26,26,Israel,9174520.0,20770.0,21640.0,True,0.0043,0.0151,0.0011,423.9612,1098.0595,98,26,3.4,24,3.7,25,3.5,22,3.8,20,3.8,25,3.7,29
27,27,Luxembourg,654768.0,2586.0,2574.5,True,0.0002,0.0111,0.0001,254.3282,658.7101,168,26,3.6,20,3.6,30,3.6,14,3.9,14,3.5,46,3.5,37
28,28,Malaysia,34308525.0,330803.0,328550.0,True,0.0116,0.0109,0.0043,104.4241,270.4583,46,26,3.3,31,3.6,30,3.7,8,3.7,28,3.7,30,3.7,29
29,29,New Zealand,5228100.0,270467.0,263310.0,True,0.0013,0.0083,0.0007,19.8553,51.4252,123,26,3.4,24,3.8,19,3.2,43,3.7,28,3.8,25,3.8,23
30,30,Poland,41026067.0,312679.0,306130.0,True,-0.0286,0.0293,0.0051,134.0152,347.0993,37,26,3.4,24,3.5,39,3.3,38,3.6,33,3.9,21,3.8,23
31,31,Bahrain,1485509.0,765.0,785.0,True,0.0004,0.009,0.0002,1892.3682,4901.2335,154,34,3.3,31,3.6,30,3.1,47,3.3,46,4.1,10,3.4,41
32,32,Latvia,1830211.0,64559.0,62230.0,True,-0.0006,-0.011,0.0002,29.4104,76.173,151,34,3.3,31,3.3,44,3.2,43,3.7,28,4.0,17,3.6,34
33,33,Qatar,2716391.0,11586.0,11490.0,True,0.0007,0.0079,0.0003,236.4135,612.3109,143,34,3.1,43,3.8,19,3.1,47,3.9,14,3.5,46,3.6,34
34,34,Thailand,71801279.0,513120.0,510890.0,True,0.003,0.0015,0.009,140.5416,364.0026,20,34,3.3,31,3.7,25,3.5,22,3.5,38,3.5,46,3.6,34
35,35,India,1428627663.0,3287590.0,2973190.0,True,0.4184,0.0081,0.1785,480.5033,1244.5036,1,38,3.0,47,3.2,47,3.5,22,3.5,38,3.6,35,3.4,41
36,36,Lithuania,2718352.0,65300.0,62620.0,True,-0.0008,-0.0115,0.0003,43.4103,112.4326,142,38,3.2,37,3.5,39,3.4,26,3.6,33,3.6,35,3.1,62
37,37,Portugal,10247605.0,92090.0,91605.6,True,-0.0008,-0.0023,0.0013,111.8666,289.7344,93,38,3.2,37,3.6,30,3.1,47,3.6,33,3.6,35,3.2,54
38,38,Saudi Arabia,36947025.0,2149690.0,2149690.0,True,0.0169,0.0148,0.0046,17.1871,44.5147,40,38,3.0,47,3.6,30,3.3,38,3.3,46,3.6,35,3.5,37
39,39,Croatia,4008617.0,56594.0,55960.0,True,-0.0007,-0.0054,0.0005,71.6336,185.5311,130,43,3.0,47,3.0,55,3.6,14,3.4,42,3.2,65,3.4,41
40,40,Czech Republic,10495295.0,78865.0,77198.5,True,0.0003,0.0001,0.0013,135.9521,352.1158,89,43,3.0,47,3.0,55,3.4,26,3.6,33,3.7,30,3.2,54
41,41,Malta,535064.0,316.0,320.0,True,0.0001,0.0033,0.0001,1672.075,4330.6743,173,43,3.4,24,3.7,25,3.0,57,3.4,42,3.2,65,3.4,41
42,42,Oman,4644384.0,309500.0,309500.0,True,0.0022,0.0149,0.0006,15.0061,38.8658,127,43,3.0,47,3.2,47,3.4,26,3.2,53,3.1,76,3.9,20
43,43,Philippines,117337368.0,342353.0,298170.0,True,0.0561,0.0154,0.0147,393.5251,1019.2299,13,43,2.8,59,3.2,47,3.1,47,3.3,46,3.9,21,3.3,49
44,44,Slovenia,2119675.0,20273.0,20136.4,True,0.0,-0.0001,0.0003,105.2658,272.6385,149,43,3.4,24,3.6,30,3.4,26,3.3,46,3.3,59,3.0,65
45,45,Vietnam,98858950.0,331212.0,313429.0,True,0.0208,0.0068,0.0123,315.411,816.9145,16,43,3.1,43,3.2,47,3.3,38,3.2,53,3.3,59,3.4,41
46,46,Brazil,216422446.0,8515767.0,8358140.0,True,0.0393,0.0052,0.027,25.8936,67.0645,7,51,2.9,56,3.2,47,2.9,68,3.3,46,3.5,46,3.2,54
47,47,Bulgaria,6687717.0,110879.0,108560.0,True,-0.0027,-0.0139,0.0008,61.6039,159.554,110,51,3.1,43,3.1,52,3.0,57,3.3,46,3.5,46,3.3,49
48,48,Cyprus,1260138.0,9251.0,9240.0,True,0.0003,0.0069,0.0002,136.3786,353.2205,158,51,2.9,56,2.8,63,3.1,47,3.2,53,3.5,46,3.4,41
49,49,Hungary,10156239.0,93028.0,91260.0,True,-0.0057,0.019,0.0013,111.2891,288.2386,94,51,2.7,65,3.1,52,3.4,26,3.1,57,3.6,35,3.4,41
50,50,Kuwait,4310108.0,17818.0,17820.0,True,0.0013,0.0097,0.0005,241.8691,626.4411,129,51,3.2,37,3.6,30,3.2,43,2.9,65,2.8,102,3.3,49
51,51,Romania,19892812.0,238391.0,230080.0,True,-0.0103,0.0119,0.0025,86.4604,223.9325,64,51,2.7,65,2.9,59,3.4,26,3.3,46,3.6,35,3.5,37
52,52,Botswana,2675352.0,582000.0,566730.0,True,0.0014,0.0171,0.0003,4.7207,12.2266,144,57,3.0,47,3.1,52,3.0,57,3.4,42,3.3,59,3.0,65
53,53,North Macedonia,2085679.0,25713.0,25220.0,True,-0.0002,-0.0038,0.0003,82.6994,214.1915,150,57,3.1,43,3.0,55,2.8,75,3.2,53,3.5,46,3.2,54
54,54,Panama,4468087.0,75417.0,74180.0,True,0.0019,0.0135,0.0006,60.233,156.0036,128,57,3.0,47,3.3,44,3.1,47,3.0,61,3.4,55,2.9,72
55,55,Bosnia and Herzegovina,3210847.0,51209.0,51200.0,True,-0.0006,-0.007,0.0004,62.7119,162.4237,137,61,2.7,65,2.6,76,3.1,47,2.9,65,3.2,65,3.2,54
56,56,Chile,19629590.0,756102.0,743532.0,True,0.0009,0.0013,0.0025,26.4005,68.3772,65,61,3.0,47,2.8,63,2.7,85,3.1,57,3.2,65,3.0,65
57,57,Indonesia,277534122.0,1904569.0,1877519.0,True,0.0727,0.0074,0.0347,147.8196,382.8528,4,61,2.8,59,2.9,59,3.0,57,2.9,65,3.3,59,3.0,65
58,58,Peru,34352719.0,1285216.0,1280000.0,True,0.0105,0.0089,0.0043,26.8381,69.5106,45,61,2.6,74,2.5,80,3.1,47,2.7,81,3.4,55,3.4,41
59,59,Uruguay,3423108.0,181034.0,175020.0,True,0.0,0.0001,0.0004,19.5584,50.6562,135,61,2.9,56,2.7,68,2.7,85,3.1,57,3.2,65,3.3,49
60,60,Antigua and Barbuda,94298.0,442.0,440.0,True,0.0,0.0057,0.0,214.3136,555.0723,201,66,2.2,110,2.7,68,2.9,68,2.9,65,3.4,55,3.2,54
61,61,Benin,13712828.0,112622.0,112760.0,True,0.0115,0.027,0.0017,121.6107,314.9718,77,66,2.7,65,2.5,80,2.9,68,3.0,61,2.7,110,3.2,54
62,62,Colombia,52085168.0,1141748.0,1109500.0,True,0.008,0.0041,0.0065,46.9447,121.5868,28,66,2.5,84,2.9,59,3.0,57,3.1,57,3.2,65,3.1,62
63,63,Costa Rica,5212173.0,51100.0,51060.0,True,0.0011,0.006,0.0007,102.0794,264.3856,124,66,2.8,59,2.7,68,2.8,75,2.9,65,3.2,65,2.9,72
64,64,Honduras,10593798.0,112492.0,111890.0,True,0.0053,0.0154,0.0013,94.6805,245.2224,88,66,2.8,59,2.7,68,3.0,57,2.7,81,3.2,65,2.6,94
65,65,Mexico,128455567.0,1964375.0,1943950.0,True,0.0299,0.0075,0.016,66.0797,171.1463,10,66,2.5,84,2.8,63,2.8,75,3.0,61,3.5,46,3.1,62
66,66,Namibia,2604172.0,825615.0,823290.0,True,0.0012,0.0145,0.0003,3.1631,8.1925,145,66,2.8,59,2.8,63,3.0,57,2.9,65,2.9,93,2.8,80
67,67,Argentina,45773884.0,2780400.0,2736690.0,True,0.0091,0.0058,0.0057,16.726,43.3203,33,73,2.7,65,2.8,63,2.7,85,2.7,81,3.1,76,2.9,72
68,68,Montenegro,626485.0,13812.0,13450.0,True,0.0,-0.001,0.0001,46.5788,120.6391,169,73,2.6,74,2.5,80,2.8,75,2.8,76,3.2,65,3.2,54
69,69,Rwanda,14094683.0,26338.0,24670.0,True,0.0101,0.0231,0.0018,571.3289,1479.7417,76,73,2.5,84,2.9,59,2.4,111,3.0,61,3.1,76,3.0,65
70,70,Serbia,7149077.0,88361.0,87460.0,True,-0.002,-0.01,0.0009,81.7411,211.7095,105,73,2.2,110,2.4,89,2.9,68,2.7,81,3.4,55,2.9,72
71,71,Solomon Islands,740424.0,28896.0,27990.0,True,0.0005,0.0223,0.0001,26.4532,68.5137,166,73,2.4,90,2.6,76,2.9,68,2.9,65,3.2,65,2.9,72
72,72,Sri Lanka,21893579.0,65610.0,61860.0,True,0.0018,0.0028,0.0027,353.9214,916.6565,61,73,2.5,84,2.4,89,2.8,75,2.7,81,3.3,59,3.0,65
73,73,Belarus,9498238.0,207600.0,202980.0,True,-0.0014,-0.0039,0.0012,46.794,121.1964,97,79,2.6,74,2.7,68,2.6,91,2.6,92,3.1,76,2.6,94
74,74,Djibouti,1136455.0,23200.0,23180.0,True,0.0005,0.0139,0.0001,49.0274,126.981,160,79,2.6,74,2.3,108,2.5,102,2.8,76,3.6,35,2.7,87
75,75,El Salvador,6364943.0,21041.0,20720.0,True,0.001,0.0045,0.0008,307.1884,795.6179,112,79,2.4,90,2.2,118,2.6,91,2.7,81,3.2,65,2.9,72
76,76,Georgia,3728282.0,69700.0,69490.0,True,-0.0005,-0.0043,0.0005,53.6521,138.9588,132,79,2.6,74,2.3,108,2.7,85,2.6,92,3.1,76,2.8,80
77,77,Kazakhstan,19606633.0,2724900.0,2699700.0,True,0.0067,0.0108,0.0024,7.2625,18.8099,66,79,2.6,74,2.5,80,2.6,91,2.7,81,2.9,93,2.8,80
78,78,Papua New Guinea,10329931.0,462840.0,452860.0,True,0.0059,0.0185,0.0013,22.8104,59.079,92,79,2.4,90,2.4,89,2.6,91,2.7,81,3.3,59,3.0,65
79,79,Paraguay,6861524.0,406752.0,397300.0,True,0.0027,0.0119,0.0009,17.2704,44.7303,108,79,2.4,90,2.5,80,2.7,85,2.6,92,3.0,87,2.8,80
80,80,Ukraine,36744634.0,603500.0,579400.0,True,0.0428,-0.0745,0.0046,63.4184,164.2537,41,79,2.4,90,2.4,89,2.8,75,2.6,92,3.1,76,2.6,94
81,81,Bangladesh,172954319.0,147570.0,130170.0,True,0.0557,0.0103,0.0216,1328.6803,3441.2821,8,88,2.3,101,2.3,108,2.6,91,2.7,81,3.0,87,2.4,105
82,82,Dominican Republic,11332972.0,48671.0,48310.0,True,0.0032,0.0093,0.0014,234.5885,607.5843,84,88,2.6,74,2.7,68,2.4,111,2.6,92,3.1,76,2.4,105
83,83,Guatemala,18092026.0,108889.0,107160.0,True,0.008,0.0139,0.0023,168.8319,437.2746,70,88,2.3,101,2.4,89,2.8,75,2.7,81,2.6,117,2.7,87
84,84,Guinea-Bissau,2150842.0,36125.0,28120.0,True,0.0014,0.0215,0.0003,76.488,198.1039,148,88,2.7,65,2.4,89,2.9,68,2.9,65,2.4,130,2.3,117
85,85,Mali,23293698.0,1240192.0,1220190.0,True,0.0225,0.031,0.0029,19.0902,49.4437,58,88,2.6,74,2.0,131,2.6,91,2.5,103,3.1,76,2.7,87
86,86,Nigeria,223804632.0,923768.0,910770.0,True,0.168,0.0241,0.028,245.7312,636.4439,6,88,2.4,90,2.4,89,2.5,102,2.3,120,3.1,76,2.7,87
87,87,Uzbekistan,35163944.0,447400.0,440650.0,True,0.0166,0.0155,0.0044,79.8002,206.6824,43,88,2.6,74,2.4,89,2.6,91,2.6,92,2.8,102,2.4,105
88,88,Albania,2832439.0,28748.0,27400.0,True,-0.0003,-0.0035,0.0004,103.3737,267.7378,138,97,2.4,90,2.7,68,2.8,75,2.3,120,2.5,125,2.3,117
89,89,Algeria,45606480.0,2381741.0,2381741.0,True,0.0218,0.0157,0.0057,19.1484,49.5943,34,97,2.3,101,2.1,126,3.0,57,2.2,127,2.6,117,2.5,98
90,90,Armenia,2777970.0,29743.0,28470.0,True,0.0,-0.0009,0.0003,97.5753,252.7201,140,97,2.5,84,2.6,76,2.2,128,2.6,92,2.7,110,2.3,117
91,91,Bhutan,787424.0,38394.0,38140.0,True,0.0002,0.0064,0.0001,20.6456,53.4722,165,97,2.7,65,2.2,118,2.3,121,2.6,92,2.6,117,2.3,117
92,92,Central African Republic,5742315.0,622984.0,622980.0,True,0.0053,0.0292,0.0007,9.2175,23.8733,117,97,2.4,90,2.6,76,2.1,133,2.9,65,2.6,117,2.4,105
93,93,Ghana,34121985.0,238533.0,227533.0,True,0.0206,0.0193,0.0043,149.965,388.4093,47,97,2.7,65,2.4,89,2.4,111,2.5,103,2.7,110,2.2,129
94,94,Grenada,126183.0,344.0,340.0,True,0.0,0.0059,0.0,371.1265,961.2176,193,97,2.6,74,2.5,80,2.6,91,2.2,127,3.1,76,2.3,117
95,95,Guinea,14190612.0,245857.0,245720.0,True,0.0106,0.0239,0.0018,57.7511,149.5755,75,97,2.4,90,2.4,89,2.2,128,2.7,81,2.5,125,2.7,87
96,96,Jamaica,2825544.0,10991.0,10830.0,True,0.0,-0.0006,0.0004,260.8997,675.7303,139,97,2.2,110,2.4,89,2.4,111,2.5,103,2.9,93,2.8,80
97,97,Mauritius,1300557.0,2040.0,2030.0,True,0.0,0.0008,0.0002,640.6685,1659.3313,157,97,2.4,90,2.5,80,1.9,138,2.5,103,3.1,76,2.9,72
98,98,Moldova,3435931.0,33846.0,32884.6,True,-0.0039,0.0498,0.0004,104.4845,270.6149,134,97,1.9,134,1.9,133,2.7,85,2.8,76,3.0,87,2.8,80
99,99,Mongolia,3447157.0,1564110.0,1557506.8,True,0.0015,0.0144,0.0004,2.2133,5.7323,133,97,2.5,84,2.3,108,2.5,102,2.3,120,2.7,110,2.4,105
100,100,Nicaragua,7046310.0,130373.0,120340.0,True,0.0031,0.0141,0.0009,58.5533,151.6532,106,97,2.0,130,1.9,133,2.8,75,2.8,76,2.9,93,2.4,105
101,101,Tajikistan,10143543.0,143100.0,138790.0,True,0.006,0.0192,0.0013,73.0855,189.2916,95,97,2.2,110,2.5,80,2.5,102,2.8,76,2.9,93,2.0,134
102,102,Togo,9053799.0,56785.0,54390.0,True,0.0065,0.0232,0.0011,166.4607,431.1333,99,97,2.3,101,2.3,108,3.0,57,2.4,110,2.8,102,2.3,117
103,103,Trinidad and Tobago,1534937.0,5130.0,5130.0,True,0.0001,0.0025,0.0002,299.208,774.9487,153,97,2.2,110,2.4,89,2.5,102,2.4,110,2.9,93,2.5,98
104,104,Zimbabwe,16665409.0,390757.0,386850.0,True,0.0112,0.0211,0.0021,43.0798,111.5766,74,97,2.2,110,2.4,89,2.5,102,2.3,120,2.8,102,2.7,87
105,105,Bolivia,12388571.0,1098581.0,1083300.0,True,0.0057,0.0135,0.0015,11.436,29.6191,80,115,2.1,120,2.4,89,2.5,102,2.4,110,2.4,130,2.5,98
106,106,Cambodia,16944826.0,181035.0,176520.0,True,0.0057,0.0106,0.0021,95.9938,248.6239,73,115,2.2,110,2.1,126,2.3,121,2.4,110,2.7,110,2.8,80
107,107,Gabon,2436566.0,267668.0,257670.0,True,0.0015,0.0199,0.0003,9.4561,24.4914,146,115,2.0,130,2.2,118,2.6,91,2.0,136,3.0,87,2.5,98
108,108,Guyana,813834.0,214969.0,196850.0,True,0.0002,0.0063,0.0001,4.1343,10.7078,164,115,2.3,101,2.4,89,2.1,133,2.6,92,2.6,117,2.2,129
109,109,Iraq,45504560.0,438317.0,434128.0,True,0.0322,0.0227,0.0057,104.8183,271.4794,35,115,2.1,120,2.2,118,2.5,102,2.2,127,3.0,87,2.4,105
110,110,Liberia,5418377.0,111369.0,96320.0,True,0.0037,0.0218,0.0007,56.2539,145.6976,120,115,2.1,120,2.4,89,2.8,75,2.4,110,2.3,134,2.4,105
111,111,Sudan,48109006.0,1886068.0,1868000.0,True,0.0394,0.0263,0.006,25.7543,66.7036,31,115,2.1,120,2.3,108,2.4,111,2.4,110,2.7,110,2.3,117
112,112,Burkina Faso,23251485.0,272967.0,273600.0,True,0.0185,0.0255,0.0029,84.9835,220.1073,59,123,2.0,130,2.3,108,2.4,111,2.4,110,2.4,130,2.2,129
113,113,Fiji,936375.0,18272.0,18270.0,True,0.0002,0.0071,0.0001,51.2521,132.7428,162,123,2.3,101,2.2,118,2.3,121,2.3,120,2.3,134,2.2,129
114,114,Madagascar,30325732.0,587041.0,581800.0,True,0.023,0.0241,0.0038,52.124,135.0011,50,123,1.8,136,1.8,137,2.9,68,2.2,127,2.6,117,2.0,134
115,115,Mauritania,4862989.0,1030700.0,1030700.0,True,0.0041,0.0268,0.0006,4.7181,12.22,126,123,2.1,120,2.0,131,2.2,128,2.5,103,2.8,102,2.5,98
116,116,Cuba,11194449.0,109884.0,103800.0,True,-0.0006,-0.0016,0.0014,107.8463,279.322,85,133,2.0,130,2.2,118,2.1,133,2.2,127,2.6,117,2.4,105
117,117,Angola,36684202.0,1246700.0,1246700.0,True,0.0352,0.0308,0.0046,29.425,76.2109,42,135,1.7,138,2.1,126,2.4,111,2.3,120,2.1,139,2.3,117
118,118,Cameroon,28647293.0,475442.0,472710.0,True,0.0235,0.0263,0.0036,60.6023,156.9598,53,135,2.1,120,2.1,126,2.2,128,2.1,134,2.1,139,1.8,137
119,119,Haiti,11724763.0,27750.0,27560.0,True,0.0045,0.0121,0.0015,425.4268,1101.8554,81,135,2.1,120,1.8,137,2.3,121,2.0,136,2.5,125,2.1,133
120,120,Somalia,18143378.0,637657.0,627340.0,True,0.0176,0.031,0.0023,28.9211,74.9057,69,138,1.5,140,1.9,133,2.4,111,1.8,140,2.3,134,1.8,137
121,121,Afghanistan,42239854.0,652230.0,652230.0,True,0.0357,0.027,0.0053,64.7622,167.7341,36,139,2.1,120,1.7,139,1.8,139,2.0,136,2.3,134,1.6,140
122,122,Libya,6888388.0,1759540.0,1759540.0,True,0.0024,0.0112,0.0009,3.9149,10.1395,107,139,1.9,134,1.7,139,2.0,136,1.9,139,2.2,138,1.8,137
123,123,"Bahamas, The",,,,,,,,,,,79,2.7,65,2.5,80,3.1,47,2.5,103,3.0,87,2.6,94
124,124,Kyrgyz Republic,,,,,,,,,,,123,2.2,110,2.4,89,2.4,111,2.2,127,2.4,130,2.3,117
125,125,Syrian Arab Republic,,,,,,,,,,,123,2.2,110,2.2,118,2.3,121,2.2,127,2.5,125,2.3,117
126,126,"Taiwan, China",,,,,,,,,,,13,3.5,22,3.8,19,3.7,8,3.9,14,4.2,4,4.2,3
127,127,Slovak Republic,,,,,,,,,,,43,3.2,37,3.3,44,3.0,57,3.4,42,3.5,46,3.3,49
128,128,Russian Federation,,,,,,,,,,,88,2.4,90,2.7,68,2.3,121,2.6,92,2.9,93,2.5,98
129,129,TC<rkiye,,,,,,,,,,,38,3.0,47,3.4,43,3.4,26,3.5,38,3.6,35,3.5,37
130,130,"Congo, Rep.",,,,,,,,,,,88,2.3,101,2.1,126,2.6,91,2.9,65,2.9,93,2.7,87
131,131,"Yemen, Rep.",,,,,,,,,,,133,1.7,138,1.9,133,1.7,140,2.6,92,2.8,102,2.3,117
132,132,"Iran, Islamic Rep.",,,,,,,,,,,123,2.2,110,2.4,89,2.4,111,2.1,134,2.7,110,2.4,105
133,133,"Korea, Rep.",,,,,,,,,,,17,3.9,7,4.1,9,3.4,26,3.8,20,3.8,25,3.8,23
134,134,Lao PDR,,,,,,,,,,,115,2.3,101,2.3,108,2.3,121,2.4,110,2.8,102,2.4,105
135,135,"Egypt, Arab Rep.",,,,,,,,,,,57,2.8,59,3.0,55,3.2,43,2.9,65,3.6,35,2.9,72
136,136,"Gambia, The",,,,,,,,,,,123,1.8,136,2.3,108,2.6,91,2.3,120,2.6,117,2.4,105
137,137,"Congo, Dem. Rep.",,,,,,,,,,,97,2.3,101,2.3,108,2.5,102,2.4,110,2.8,102,2.5,98
138,138,"Venezuela, RB",,,,,,,,,,,123,2.1,120,2.4,89,2.0,136,2.5,103,2.5,125,2.3,117
139,139,DR Congo,102262808.0,2344858.0,2267050.0,True,0.105,0.0329,0.0128,45.1083,116.8305,15,,,,,,,,,,,,,
140,140,Sierra Leone,8791092.0,71740.0,72180.0,True,0.0059,0.0215,0.0011,121.794,315.4465,102,,,,,,,,,,,,,
141,141,Myanmar,54577997.0,676578.0,652670.0,True,0.0125,0.0074,0.0068,83.6227,216.5827,27,,,,,,,,,,,,,
142,142,Andorra,80088.0,468.0,470.0,True,0.0,0.0033,0.0,170.4,441.336,203,,,,,,,,,,,,,
143,143,Seychelles,107660.0,452.0,460.0,True,0.0,0.0051,0.0,234.0435,606.1726,197,,,,,,,,,,,,,
144,144,Tunisia,12458223.0,163610.0,155360.0,True,0.0035,0.0083,0.0016,80.1894,207.6905,79,,,,,,,,,,,,,
145,145,Jersey,111802.0,116.0,120.0,False,0.0,0.0092,0.0,931.6833,2413.0598,195,,,,,,,,,,,,,
146,146,Northern Mariana Islands,49796.0,464.0,460.0,False,0.0,0.0049,0.0,108.2522,280.3731,210,,,,,,,,,,,,,
147,147,Suriname,623236.0,163820.0,156000.0,True,0.0002,0.0084,0.0001,3.9951,10.3473,170,,,,,,,,,,,,,
148,148,Venezuela,28838499.0,916445.0,882050.0,True,0.0179,0.019,0.0036,32.6949,84.6797,52,,,,,,,,,,,,,
149,149,Guernsey,63544.0,78.0,63.0,False,0.0,0.0038,0.0,1008.6349,2612.3644,207,,,,,,,,,,,,,
150,150,Slovakia,5795199.0,49037.0,49035.0,True,-0.0033,0.0269,0.0007,118.1849,306.099,116,,,,,,,,,,,,,
151,151,Lebanon,5353930.0,10452.0,10230.0,True,-0.0045,-0.0247,0.0007,523.3558,1355.4916,122,,,,,,,,,,,,,
152,152,Reunion,981796.0,2511.0,2512.0,False,0.0002,0.008,0.0001,390.8424,1012.2817,161,,,,,,,,,,,,,
153,153,Palau,18058.0,459.0,460.0,True,,0.0002,0.0,39.2565,101.6744,222,,,,,,,,,,,,,
154,154,Timor-Leste,1360596.0,14874.0,14870.0,True,0.0006,0.0144,0.0002,91.4994,236.9834,155,,,,,,,,,,,,,
155,155,Kyrgyzstan,6735347.0,199951.0,191800.0,True,0.0033,0.0158,0.0008,35.1165,90.9518,109,,,,,,,,,,,,,
156,156,Uganda,48582334.0,241550.0,200520.0,True,0.0423,0.0282,0.0061,242.2817,627.5097,30,,,,,,,,,,,,,
157,157,Tuvalu,11396.0,26.0,30.0,True,0.0,0.0074,0.0,379.8667,983.8547,227,,,,,,,,,,,,,
158,158,Saint Kitts and Nevis,47755.0,261.0,260.0,True,0.0,0.0021,0.0,183.6731,475.7133,211,,,,,,,,,,,,,
159,159,Syria,23227014.0,185180.0,183630.0,True,0.0359,0.0498,0.0029,126.4881,327.6042,60,,,,,,,,,,,,,
160,160,Turks and Caicos Islands,46062.0,948.0,948.0,False,0.0,0.0079,0.0,48.5886,125.8445,212,,,,,,,,,,,,,
161,161,Brunei,452524.0,5765.0,5270.0,True,0.0001,0.0078,0.0001,85.8679,222.3979,175,,,,,,,,,,,,,
162,162,Nauru,12780.0,21.0,20.0,True,0.0,0.0088,0.0,639.0,1655.01,225,,,,,,,,,,,,,
163,163,Senegal,17763163.0,196722.0,192530.0,True,0.0144,0.0258,0.0022,92.2618,238.958,71,,,,,,,,,,,,,
164,164,Mayotte,335995.0,374.0,374.0,False,0.0003,0.0303,0.0,898.3824,2326.8103,181,,,,,,,,,,,,,
165,165,Curacao,192077.0,444.0,444.0,False,0.0,0.0048,0.0,432.6059,1120.4492,189,,,,,,,,,,,,,
166,166,Iran,89172767.0,1648195.0,1622500.0,True,0.0208,0.007,0.0111,54.9601,142.3467,17,,,,,,,,,,,,,
167,167,Monaco,36297.0,2.02,2.0,True,0.0,-0.0047,0.0,18148.5,47004.615,217,,,,,,,,,,,,,
168,168,Kenya,55100586.0,580367.0,569140.0,True,0.0346,0.0199,0.0069,96.8138,250.7477,26,,,,,,,,,,,,,
169,169,Bahamas,412623.0,13943.0,10010.0,True,0.0001,0.0064,0.0001,41.2211,106.7626,176,,,,,,,,,,,,,
170,170,Saint Barthelemy,10994.0,21.0,25.0,False,,0.0025,0.0,439.76,1138.9784,228,,,,,,,,,,,,,
171,171,Cape Verde,598682.0,4033.0,4033.0,True,0.0002,0.0093,0.0001,148.4458,384.4747,171,,,,,,,,,,,,,
172,172,French Polynesia,308872.0,4167.0,3471.0,False,0.0001,0.0085,0.0,88.9865,230.4749,184,,,,,,,,,,,,,
173,173,Eritrea,3748901.0,117600.0,121040.8,True,0.0021,0.0176,0.0005,30.9722,80.218,131,,,,,,,,,,,,,
174,174,Ethiopia,126527060.0,1104300.0,1128571.3,True,0.1008,0.0255,0.0158,112.1126,290.3716,11,,,,,,,,,,,,,
175,175,Zambia,20569737.0,752612.0,743390.0,True,0.0178,0.0276,0.0026,27.6702,71.6658,63,,,,,,,,,,,,,
176,176,Sao Tome and Principe,231856.0,964.0,960.0,True,0.0001,0.0197,0.0,241.5167,625.5282,187,,,,,,,,,,,,,
177,177,Micronesia,115224.0,702.0,700.0,True,0.0,0.0093,0.0,164.6057,426.3288,194,,,,,,,,,,,,,
178,178,Tonga,107773.0,747.0,720.0,True,0.0,0.0086,0.0,149.6847,387.6834,196,,,,,,,,,,,,,
179,179,Saint Martin,32077.0,53.0,50.0,False,0.0,0.009,0.0,641.54,1661.5886,220,,,,,,,,,,,,,
180,180,Guam,172952.0,549.0,540.0,False,0.0,0.0069,0.0,320.2815,829.529,191,,,,,,,,,,,,,
181,181,Lesotho,2330318.0,30355.0,30360.0,True,0.0008,0.0106,0.0003,76.7562,198.7985,147,,,,,,,,,,,,,
182,182,Tokelau,1893.0,12.0,10.0,False,,0.0118,,189.3,490.287,233,,,,,,,,,,,,,
183,183,Saint Lucia,180251.0,616.0,610.0,True,0.0,0.0022,0.0,295.4934,765.328,190,,,,,,,,,,,,,
184,184,Malawi,20931751.0,118484.0,94280.0,True,0.0169,0.0258,0.0026,222.0169,575.0237,62,,,,,,,,,,,,,
185,185,Montserrat,4386.0,102.0,102.0,False,,-0.0009,,43.0,111.37,230,,,,,,,,,,,,,
186,186,Egypt,112716598.0,1002450.0,995450.0,True,0.0551,0.0156,0.0141,113.2318,293.2704,14,,,,,,,,,,,,,
187,187,Gibraltar,32688.000000000004,6.8,6.8,False,0.0,0.0012,0.0,4807.0588,12450.2824,219,,,,,,,,,,,,,
188,188,American Samoa,43914.0,199.0,200.0,False,0.0,-0.0081,0.0,219.57,568.6863,214,,,,,,,,,,,,,
189,189,Dominica,73040.0,751.0,750.0,True,0.0,0.0042,0.0,97.3867,252.2315,204,,,,,,,,,,,,,
190,190,Maldives,521021.0,300.0,300.0,True,-0.0001,-0.0053,0.0001,1736.7367,4498.148,174,,,,,,,,,,,,,
191,191,New Caledonia,292991.0,18575.0,18280.0,False,0.0001,0.0105,0.0,16.028,41.5124,185,,,,,,,,,,,,,
192,192,Pakistan,240485658.0,881912.0,770880.0,True,0.1495,0.0198,0.03,311.9625,807.9829,5,,,,,,,,,,,,,
193,193,Bermuda,64069.0,54.0,54.0,False,0.0,-0.0018,0.0,1186.463,3072.9391,206,,,,,,,,,,,,,
194,194,Russia,144444359.0,17098242.0,16376870.0,True,-0.0158,-0.0019,0.018,8.82,22.8439,9,,,,,,,,,,,,,
195,195,Mozambique,33897354.0,801590.0,786380.0,True,0.0302,0.0281,0.0042,43.1056,111.6434,48,,,,,,,,,,,,,
196,196,Palestine,5371230.0,6220.0,6020.0,True,0.0039,0.0231,0.0007,892.2309,2310.878,121,,,,,,,,,,,,,
197,197,Ivory Coast,28873034.0,322463.0,318000.0,True,0.023,0.0253,0.0036,90.7957,235.1609,51,,,,,,,,,,,,,
198,198,Guadeloupe,395839.0,1628.0,1628.0,False,0.0,0.0002,0.0,243.1443,629.7439,178,,,,,,,,,,,,,
199,199,French Guiana,312155.0,83534.0,83534.0,False,0.0002,0.0249,0.0,3.7369,9.6785,183,,,,,,,,,,,,,
200,200,Vanuatu,334506.0,12189.0,12190.0,True,0.0002,0.0238,0.0,27.441,71.0722,182,,,,,,,,,,,,,
201,201,Isle of Man,84710.0,572.0,570.0,False,0.0,0.0023,0.0,148.614,384.9104,202,,,,,,,,,,,,,
202,202,Laos,7633779.0,236800.0,230800.0,True,0.0033,0.0139,0.001,33.0753,85.665,103,,,,,,,,,,,,,
203,203,Samoa,225681.0,2842.0,2780.0,True,0.0001,0.0148,0.0,81.1802,210.2568,188,,,,,,,,,,,,,
204,204,Vatican City,518.0,0.44,0.44,True,,0.0157,,1177.2727,3049.1364,234,,,,,,,,,,,,,
205,205,Tanzania,67438106.0,945087.0,885800.0,True,0.0622,0.0296,0.0084,76.1324,197.183,22,,,,,,,,,,,,,
206,206,Belize,410825.0,22966.0,22810.0,True,0.0002,0.0137,0.0001,18.0107,46.6478,177,,,,,,,,,,,,,
207,207,Marshall Islands,41996.0,181.0,180.0,True,0.0,0.0103,0.0,233.3111,604.2758,215,,,,,,,,,,,,,
208,208,Saint Pierre and Miquelon,5840.0,242.0,242.0,False,,-0.0038,,24.1322,62.5025,229,,,,,,,,,,,,,
209,209,South Korea,51784059.0,100210.0,97600.0,True,-0.0012,-0.0006,0.0065,530.5744,1374.1876,29,,,,,,,,,,,,,
210,210,Gambia,2773168.0,10689.0,10120.0,True,0.0022,0.0248,0.0003,274.0285,709.7337,141,,,,,,,,,,,,,
211,211,Barbados,281995.0,430.0,430.0,True,0.0,0.0013,0.0,655.8023,1698.528,186,,,,,,,,,,,,,
212,212,Martinique,366981.0,1128.0,1128.0,False,0.0,-0.0014,0.0,325.3378,842.6248,180,,,,,,,,,,,,,
213,213,Azerbaijan,10412651.0,86600.0,82646.0,True,0.0017,0.0053,0.0013,125.991,326.3167,90,,,,,,,,,,,,,
214,214,Nepal,30896590.0,147181.0,143350.0,True,0.011,0.0114,0.0039,215.5325,558.2293,49,,,,,,,,,,,,,
215,215,Turkey,85816199.0,783562.0,783562.0,True,0.0143,0.0056,0.0107,109.5206,283.6584,18,,,,,,,,,,,,,
216,216,Greenland,56643.0,2166086.0,410450.0,False,0.0,0.0031,0.0,0.138,0.3574,208,,,,,,,,,,,,,
217,217,Saint Vincent and the Grenadines,103698.0,389.0,390.0,True,0.0,-0.0024,0.0,265.8923,688.6611,199,,,,,,,,,,,,,
218,218,Taiwan,23923276.0,36193.0,36197.0,False,0.0009,0.0013,0.003,660.9188,1711.7796,57,,,,,,,,,,,,,
219,219,United States Virgin Islands,98750.0,347.0,347.0,False,0.0,-0.0072,0.0,284.5821,737.0677,200,,,,,,,,,,,,,
220,220,Chad,18278568.0,1284000.0,1259200.0,True,0.0178,0.0313,0.0023,14.516,37.5965,67,,,,,,,,,,,,,
221,221,Niue,1935.0,261.0,261.0,False,0.0,0.0005,,7.4138,19.2017,232,,,,,,,,,,,,,
222,222,Faroe Islands,53270.0,1393.0,1366.0,False,0.0,0.0034,0.0,38.9971,101.0024,209,,,,,,,,,,,,,
223,223,Turkmenistan,6516100.0,488100.0,469930.0,True,0.0026,0.0133,0.0008,13.8661,35.9132,111,,,,,,,,,,,,,
224,224,Ecuador,18190484.0,276841.0,248360.0,True,0.006,0.0105,0.0023,73.2424,189.6978,68,,,,,,,,,,,,,
225,225,Macau,704149.0,32.9,32.9,False,0.0003,0.0129,0.0001,21402.7052,55433.0064,167,,,,,,,,,,,,,
226,226,British Virgin Islands,31538.0,151.0,150.0,False,0.0,0.0074,0.0,210.2533,544.5561,221,,,,,,,,,,,,,
227,227,Republic of the Congo,6106869.0,342000.0,341500.0,True,0.0043,0.0229,0.0008,17.8825,46.3156,113,,,,,,,,,,,,,
228,228,Aruba,106277.0,180.0,180.0,False,0.0,-0.0016,0.0,590.4278,1529.2079,198,,,,,,,,,,,,,
229,229,Jordan,11337052.0,89342.0,88794.0,True,0.0014,0.0045,0.0014,127.6781,330.6864,83,,,,,,,,,,,,,
230,230,Eswatini,1210822.0,17364.0,17200.0,True,0.0003,0.0076,0.0002,70.3966,182.3273,159,,,,,,,,,,,,,
231,231,Puerto Rico,3260314.0,8870.0,8870.0,False,0.0003,0.0024,0.0004,367.5664,951.997,136,,,,,,,,,,,,,
232,232,Wallis and Futuna,11502.0,274.0,274.0,False,0.0,-0.006,0.0,41.9781,108.7233,226,,,,,,,,,,,,,
233,233,Equatorial Guinea,1714671.0,28051.0,28050.0,True,0.0013,0.0237,0.0002,61.1291,158.3243,152,,,,,,,,,,,,,
234,234,Sint Maarten,44222.0,34.0,34.0,False,0.0,0.0011,0.0,1300.6471,3368.6759,213,,,,,,,,,,,,,
235,235,Yemen,34449825.0,527968.0,527970.0,True,0.024,0.0224,0.0043,65.2496,168.9964,44,,,,,,,,,,,,,
236,236,North Korea,26160821.0,120538.0,120410.0,True,0.0028,0.0035,0.0033,217.2645,562.7151,56,,,,,,,,,,,,,
237,237,Niger,27202843.0,1267000.0,1266700.0,True,0.0321,0.038,0.0034,21.4754,55.6212,54,,,,,,,,,,,,,
238,238,Cook Islands,17044.0,240.0,240.0,False,0.0,0.0019,0.0,71.0167,183.9332,223,,,,,,,,,,,,,
239,239,Anguilla,15899.0,91.0,91.0,False,0.0,0.0026,0.0,174.7143,452.51,224,,,,,,,,,,,,,
240,240,Liechtenstein,39584.0,160.0,160.0,True,0.0,0.0065,0.0,247.4,640.766,216,,,,,,,,,,,,,
241,241,San Marino,33642.0,61.0,60.0,True,,-0.0005,0.0,560.7,1452.213,218,,,,,,,,,,,,,
242,242,Burundi,13238559.0,27834.0,25680.0,True,0.0111,0.0271,0.0017,515.5202,1335.1973,78,,,,,,,,,,,,,
243,243,South Sudan,11088796.0,619745.0,631930.0,True,0.0058,0.0161,0.0014,17.5475,45.448,86,,,,,,,,,,,,,
244,244,Morocco,37840044.0,446550.0,446300.0,True,0.012,0.0102,0.0047,84.7861,219.596,39,,,,,,,,,,,,,
245,245,Cayman Islands,69310.0,264.0,240.0,False,0.0,0.0088,0.0,288.7917,747.9704,205,,,,,,,,,,,,,
246,246,Comoros,852075.0,1862.0,1861.0,True,0.0005,0.0183,0.0001,457.8587,1185.854,163,,,,,,,,,,,,,
247,247,Falkland Islands,3791.0,12173.0,12173.0,False,,0.0029,,0.3114,0.8066,231,,,,,,,,,,,,,
248,248,Kiribati,133515.0,811.0,810.0,True,0.0001,0.0174,0.0,164.8333,426.9183,192,,,,,,,,,,,,,
249,249,Western Sahara,587259.0,266000.0,266000.0,False,0.0004,0.0196,0.0001,2.2077,5.718,172,,,,,,,,,,,,,
