Country,Year,"Agriculture, forestry, and fishing, value added (annual % growth)",Exports of goods and services (annual % growth),Final consumption expenditure (annual % growth),GDP (current US$),Gross capital formation (annual % growth),Imports of goods and services (annual % growth),"Industry (including construction), value added (annual % growth)","Manufacturing, value added (annual % growth)","Services, value added (annual % growth)"
Afghanistan,2020,5.94,,,20143451705.75,,,-4.63,-3.54,-5.92
Afghanistan,2021,-2.83,,,14583135236.57,,,-14.19,-7.22,-32.74
Afghanistan,2022,,,,,,,,,
Afghanistan,2023,,,,,,,,,
Africa Eastern and Southern,2020,3.15,-11.41,-1.93,927593321647.66,-8.37,-11.94,-4.86,-7.06,-3.05
Africa Eastern and Southern,2021,4.02,8.88,4.39,1081998139192.47,8.54,11.8,4.16,5.38,4.35
Africa Eastern and Southern,2022,2.56,8.52,3.07,1169483734191.46,8.26,12.6,2.72,2.02,4.14
Africa Eastern and Southern,2023,,,,,,,,,
Africa Western and Central,2020,2.95,-23.36,3.34,786460035395.03,-6.0,-37.74,-3.11,-1.49,-1.8
Africa Western and Central,2021,2.39,-1.74,13.16,844459722152.99,49.99,33.87,0.83,4.27,5.95
Africa Western and Central,2022,2.43,,,877863284874.07,,,-0.45,2.73,6.1
Africa Western and Central,2023,,,,,,,,,
Albania,2020,1.35,-27.86,-2.79,15162734205.25,-3.03,-19.79,-4.26,-4.11,-3.79
Albania,2021,1.8,52.05,5.06,17930565118.82,19.78,31.45,13.62,11.14,8.45
Albania,2022,0.06,7.51,5.36,18882095517.88,,13.14,7.75,7.09,6.2
Albania,2023,,,,,,,,,
Algeria,2020,1.7,-11.3,-2.1,145743722826.26,-7.15,-16.0,-6.89,-9.05,-3.91
Algeria,2021,-1.9,13.4,3.0,163472233245.77,1.02,-4.1,7.34,9.07,3.41
Algeria,2022,4.0,0.0,2.1,191912889420.91,1.56,-3.3,1.7,,4.1
Algeria,2023,,,,,,,,,
American Samoa,2020,,10.27,,716000000.0,,18.63,,16.13,
American Samoa,2021,,-27.13,,709000000.0,,-5.5,,,
American Samoa,2022,,,,,,,,,
American Samoa,2023,,,,,,,,,
Andorra,2020,-4.94,,,2891001149.4,,,-3.9,-9.74,-8.59
Andorra,2021,3.09,,,3325145406.77,,,5.75,,7.7
Andorra,2022,1.46,,,3352032737.04,,,4.94,,7.11
Andorra,2023,,,,,,,,,
Angola,2020,2.84,-6.19,-4.08,50241368243.63,-15.5,-19.6,-10.46,2.73,-3.93
Angola,2021,17.2,-10.66,3.66,65685435100.5,9.21,-18.33,-8.34,0.82,5.9
Angola,2022,3.94,0.68,4.13,106713618735.43,-0.82,13.79,1.77,2.47,4.21
Angola,2023,,,,,,,,,
Antigua and Barbuda,2020,1.53,,,1416348148.15,,,-21.16,-23.77,-17.57
Antigua and Barbuda,2021,0.94,,,1560518518.52,,,9.63,5.99,5.81
Antigua and Barbuda,2022,2.45,,,1757603703.7,,,11.95,-2.81,7.47
Antigua and Barbuda,2023,,,,,,,,,
Arab World,2020,0.61,-11.77,-2.65,2533377484136.87,15.32,-14.25,-6.19,-5.96,-4.31
Arab World,2021,1.22,,4.98,2928455523439.88,-1.22,,2.49,6.09,4.61
Arab World,2022,0.3,,,3557557256270.59,,,7.04,7.24,4.57
Arab World,2023,,,,,,,,,
Argentina,2020,-7.68,-17.71,-11.9,385540406815.6,-7.58,-18.46,-9.28,-7.69,-10.62
Argentina,2021,0.75,9.22,9.52,487227125385.64,33.14,22.02,15.26,15.89,9.05
Argentina,2022,-3.77,5.71,8.16,632770284408.51,8.78,17.36,5.96,4.96,6.22
Argentina,2023,,,,,,,,,
Armenia,2020,-3.7,-33.5,-10.9,12641698593.79,-0.5,-31.5,-2.51,-4.0,-8.66
Armenia,2021,-0.6,16.6,4.4,13861409968.84,9.5,12.9,3.4,4.4,6.92
Armenia,2022,-0.7,54.4,7.7,19502783987.88,7.1,33.8,9.41,11.9,17.73
Armenia,2023,,,,,,,,,
Aruba,2020,,,,2610038938.55,,,,,
Aruba,2021,,,,3126019385.47,,,,,
Aruba,2022,,,,,,,,,
Aruba,2023,,,,,,,,,
Australia,2020,-9.57,-1.65,-0.25,1326944627876.87,,-6.98,-0.24,-1.77,0.64
Australia,2021,22.98,-8.37,2.7,1552703151616.01,,-3.35,-0.55,2.24,2.38
Australia,2022,23.4,-0.1,4.71,1675418665067.09,,7.08,1.67,2.54,4.28
Australia,2023,,,,,,,,,
Austria,2020,-2.63,-10.65,-5.96,435225238000.43,-4.77,-9.23,-4.21,-5.81,-7.46
Austria,2021,4.55,9.59,4.82,480368403893.36,11.39,13.71,6.77,9.5,2.78
Austria,2022,4.72,11.11,3.76,471400066091.25,-2.04,5.73,3.34,3.51,6.17
Austria,2023,,,,,,,,,
Azerbaijan,2020,1.9,,,42693000000.0,,,-5.98,10.4,-3.91
Azerbaijan,2021,3.3,,,54825411764.71,,,2.11,19.51,9.99
Azerbaijan,2022,3.4,,,78721058823.53,,,0.4,3.1,12.83
Azerbaijan,2023,,,,,,,,,
"Bahamas, The",2020,16.49,-45.51,-17.46,9754600000.0,-31.55,-27.37,-29.6,-45.14,-16.99
"Bahamas, The",2021,-32.36,22.65,21.23,11527600000.0,13.11,10.27,-14.83,-8.73,11.69
"Bahamas, The",2022,29.72,39.9,9.71,12897400000.0,-8.33,1.7,10.18,-55.17,9.03
"Bahamas, The",2023,,,,,,,,,
Bahrain,2020,0.14,-2.55,-3.83,34621807712.77,-3.28,-0.7,-0.95,-4.95,-7.13
Bahrain,2021,7.25,29.47,15.16,39303403989.36,-66.18,15.19,0.49,0.72,4.06
Bahrain,2022,4.39,,,44390820478.72,,,1.21,4.92,4.87
Bahrain,2023,,,,,,,,,
Bangladesh,2020,3.42,-17.5,2.91,373902196399.32,3.95,-11.41,3.61,1.68,3.93
Bangladesh,2021,3.17,9.19,7.92,416264802185.17,8.09,15.27,10.29,11.59,5.73
Bangladesh,2022,3.05,29.39,7.37,460201000095.1,11.65,31.18,9.86,11.41,6.26
Bangladesh,2023,,,,,,,,,
Barbados,2020,-5.71,,,4671800000.0,,,-2.79,-7.41,-15.1
Barbados,2021,3.95,,,4843800000.0,,,-0.6,3.47,-0.42
Barbados,2022,,,,5637914514.64,,,,,
Barbados,2023,,,,,,,,,
Belarus,2020,4.75,-3.75,-1.33,61371755326.24,-5.82,-7.35,-0.37,0.16,-1.34
Belarus,2021,-4.08,10.05,3.57,69673747131.87,-6.67,5.75,3.08,5.79,2.79
Belarus,2022,4.44,-20.85,-0.72,72793457588.44,-14.4,-18.06,-6.11,-6.05,-5.44
Belarus,2023,,,,,,,,,
Belgium,2020,8.75,-5.03,-5.7,525213067068.32,-6.21,-5.58,-3.57,-4.13,-5.46
Belgium,2021,-3.79,11.26,5.36,594351961634.49,6.42,10.67,1.29,0.03,7.27
Belgium,2022,-11.73,5.07,3.81,578604103123.35,1.58,4.91,-0.15,0.2,4.23
Belgium,2023,,,,,,,,,
Belize,2020,1.16,-29.85,-15.09,2080000000.0,-3.91,-22.94,-1.76,-6.67,-16.88
Belize,2021,17.13,35.12,13.98,2491500000.0,24.55,31.81,15.08,10.09,13.89
Belize,2022,-4.86,4.3,-3.87,2824081836.2,26.32,4.8,5.46,4.55,14.82
Belize,2023,,,,,,,,,
Benin,2020,1.75,-24.97,4.7,15651545208.88,1.86,-19.79,5.18,3.37,4.86
Benin,2021,5.2,12.55,5.33,17690083519.93,17.85,16.79,9.12,5.04,6.65
Benin,2022,4.82,19.08,4.73,17401746309.27,12.77,18.46,7.89,7.28,6.01
Benin,2023,,,,,,,,,
Bermuda,2020,1.3,-9.35,-8.41,6887147000.0,-24.28,-21.28,-16.57,-19.29,-6.85
Bermuda,2021,24.77,3.63,2.95,7127200000.0,9.1,8.66,0.1,-6.27,6.16
Bermuda,2022,,8.18,2.85,7550500000.0,-5.3,8.55,,,
Bermuda,2023,,,,,,,,,
Bhutan,2020,4.57,-20.22,-4.34,2325185520.59,-15.99,-12.38,-12.84,-20.76,-6.93
Bhutan,2021,2.05,8.92,5.06,2539551327.48,12.6,15.74,1.96,2.69,6.32
Bhutan,2022,,,,,,,,,
Bhutan,2023,,,,,,,,,
Bolivia,2020,3.13,-18.8,-7.12,36629843806.08,-25.54,-24.96,-11.84,-7.99,-8.51
Bolivia,2021,1.81,15.42,5.34,40408208523.88,11.55,15.7,9.56,3.91,4.79
Bolivia,2022,,,,43068885672.94,,,,,
Bolivia,2023,,,,,,,,,
Bosnia and Herzegovina,2020,6.62,-15.85,-2.43,20226030731.01,-8.5,-13.42,-1.95,-4.36,-3.96
Bosnia and Herzegovina,2021,-8.08,24.59,3.79,23649566069.24,22.38,20.47,9.1,14.2,7.61
Bosnia and Herzegovina,2022,-2.33,23.86,4.17,24527507287.8,12.71,24.04,0.5,3.94,5.25
Bosnia and Herzegovina,2023,,,,,,,,,
Botswana,2020,-2.65,-18.57,3.02,14960291540.53,7.78,4.95,-20.54,-14.9,-1.26
Botswana,2021,-1.05,31.69,2.99,18737066306.97,-8.04,2.34,19.33,8.07,8.2
Botswana,2022,2.43,-5.61,4.03,20352322157.15,-17.72,-11.78,7.57,8.2,4.71
Botswana,2023,,,,,,,,,
Brazil,2020,4.17,-2.29,-4.35,1476107292036.59,-4.81,-9.48,-2.97,-4.67,-3.74
Brazil,2021,0.28,5.87,3.2,1649622972159.35,23.16,12.03,4.78,4.48,5.22
Brazil,2022,-1.74,5.54,3.65,1920095560995.06,-5.45,0.81,1.62,-0.34,4.16
Brazil,2023,,,,,,,,,
British Virgin Islands,2020,,,,,,,,,
British Virgin Islands,2021,,,,,,,,,
British Virgin Islands,2022,,,,,,,,,
British Virgin Islands,2023,,,,,,,,,
Brunei Darussalam,2020,14.39,7.52,-2.86,12005795914.73,-9.26,-2.06,2.91,23.89,-2.08
Brunei Darussalam,2021,16.92,8.76,12.03,14006497000.25,-13.82,29.46,-4.17,-6.72,2.47
Brunei Darussalam,2022,-3.31,6.91,8.47,16681531645.73,-1.77,9.54,-4.91,-2.93,3.77
Brunei Darussalam,2023,,,,,,,,,
Bulgaria,2020,-3.3,-10.37,1.41,70404359049.23,-4.81,-4.31,-8.22,,-2.48
Bulgaria,2021,28.84,11.0,6.68,84061395658.22,10.82,10.94,1.72,,9.87
Bulgaria,2022,-0.77,8.27,5.18,89040398406.37,2.69,10.52,11.93,,0.99
Bulgaria,2023,,,,,,,,,
Burkina Faso,2020,5.15,,,17933606212.63,,,11.3,3.09,-5.84
Burkina Faso,2021,-5.89,,,19737616003.02,,,8.54,8.42,10.78
Burkina Faso,2022,8.52,,,18884619613.44,,,-5.46,6.94,5.29
Burkina Faso,2023,,,,,,,,,
Burundi,2020,2.8,-14.9,5.1,2649680261.01,-16.87,3.39,1.76,,-1.7
Burundi,2021,3.41,3.39,3.01,2775798697.16,3.91,3.21,2.99,,2.94
Burundi,2022,-0.8,5.75,3.41,3073414677.84,4.03,7.02,3.16,,3.11
Burundi,2023,,,,,,,,,
Cabo Verde,2020,9.91,-58.94,-17.12,1878277311.23,46.35,-17.34,-12.32,-13.34,-24.54
Cabo Verde,2021,3.95,3.08,6.26,2091741774.11,11.98,8.61,19.02,9.95,3.49
Cabo Verde,2022,-13.66,100.71,18.83,2314816792.06,-31.77,13.08,6.78,3.29,24.19
Cabo Verde,2023,,,,,,,,,
Cambodia,2020,0.62,-11.28,-2.98,25872797892.03,-2.61,-8.85,-1.4,-2.74,-6.34
Cambodia,2021,1.16,13.46,-2.74,26961061152.3,6.47,23.07,9.37,13.09,-2.68
Cambodia,2022,0.7,20.65,10.12,29956769529.43,19.15,22.3,8.3,11.64,2.21
Cambodia,2023,,,,,,,,,
Cameroon,2020,1.36,-14.36,0.38,40773241211.69,14.63,-17.05,2.83,0.38,-0.52
Cameroon,2021,2.94,3.44,4.15,45338285386.1,740.26,13.81,3.22,4.45,4.29
Cameroon,2022,4.21,3.03,3.23,44341646509.22,-89.88,-3.73,0.31,,5.11
Cameroon,2023,,,,,,,,,
Canada,2020,1.07,-8.85,-4.14,1647598402302.68,-9.49,-9.34,-6.31,-9.6,-4.89
Canada,2021,-6.66,1.36,5.39,2001486745423.92,12.88,7.8,4.74,4.65,5.47
Canada,2022,11.75,2.59,4.0,2139840023673.81,7.19,7.25,2.67,3.64,3.74
Canada,2023,,,,,,,,,
Caribbean small states,2020,1.26,,,65994922945.39,,,1.98,-9.11,-12.18
Caribbean small states,2021,-1.92,,,75672802626.7,,,5.98,-1.45,3.92
Caribbean small states,2022,,,,92935645972.96,,,,,
Caribbean small states,2023,,,,,,,,,
Cayman Islands,2020,-2.23,,,5647224973.04,,,-1.33,-6.83,-4.55
Cayman Islands,2021,7.74,,,6028373541.47,,,6.89,12.01,2.44
Cayman Islands,2022,,,,,,,,,
Cayman Islands,2023,,,,,,,,,
Central African Republic,2020,4.54,-2.84,-2.25,2326720902.36,5.81,1.0,-0.01,-0.01,-1.21
Central African Republic,2021,3.15,-5.51,-0.04,2516498412.31,9.91,-10.28,-0.24,-0.24,0.35
Central African Republic,2022,-2.4,-6.5,3.6,2382618615.36,-3.77,7.0,-3.89,-3.74,0.63
Central African Republic,2023,,,,,,,,,
Central Europe and the Baltics,2020,1.27,-5.69,-1.93,1665358949113.72,-6.28,-5.1,-5.94,-7.61,-1.85
Central Europe and the Baltics,2021,-3.09,11.7,5.52,1905555039662.64,14.55,14.14,4.63,6.46,7.51
Central Europe and the Baltics,2022,-6.86,7.1,2.77,1946330897134.16,10.04,7.9,3.98,3.64,4.02
Central Europe and the Baltics,2023,,,,,,,,,
Chad,2020,3.91,1.1,0.82,10715396051.44,-13.3,1.8,-0.09,-0.2,-7.0
Chad,2021,6.2,-0.36,1.68,11779981332.16,-4.11,5.1,-4.56,,-4.43
Chad,2022,2.0,5.01,1.96,12704149842.04,-6.14,2.0,4.08,,0.69
Chad,2023,,,,,,,,,
Channel Islands,2020,-20.64,,,9811538461.54,,,-13.05,-4.94,-7.1
Channel Islands,2021,18.31,,,11735662219.78,,,25.3,16.7,6.24
Channel Islands,2022,,,,,,,,,
Channel Islands,2023,,,,,,,,,
Chile,2020,-2.7,-0.91,-6.64,254096103516.32,-17.79,-12.33,-3.46,-2.25,-7.69
Chile,2021,4.32,-1.37,19.33,316713577508.67,29.91,31.8,3.96,8.1,14.68
Chile,2022,0.08,1.37,3.09,301025249437.95,-0.32,0.85,-1.67,-2.47,5.21
Chile,2023,,,,,,,,,
China,2020,3.13,,-0.28,14687743556969.6,4.31,,2.46,,1.95
China,2021,7.07,,9.08,17820459342451.2,3.87,,8.67,,8.49
China,2022,4.14,,1.8,17963170521079.8,3.62,,3.76,,2.29
China,2023,,,,,,,,,
Colombia,2020,2.34,-22.66,-4.11,270150956772.57,-21.07,-19.9,-15.27,-10.01,-4.81
Colombia,2021,3.07,15.89,13.61,318511813576.97,12.55,26.7,8.89,14.67,12.01
Colombia,2022,-1.87,14.85,8.0,343939445259.49,19.46,23.88,6.82,9.83,8.79
Colombia,2023,,,,,,,,,
Comoros,2020,4.44,-45.93,3.93,1225039195.94,-15.46,-9.28,-5.6,,-2.07
Comoros,2021,3.44,48.17,0.96,1296089479.46,1.9,7.69,-0.25,,1.45
Comoros,2022,2.21,22.64,0.36,1242519407.28,-8.15,1.24,0.83,,2.54
Comoros,2023,,,,,,,,,
"Congo, Dem. Rep.",2020,2.53,8.0,-0.93,48716961864.54,14.89,12.04,4.22,-7.21,0.13
"Congo, Dem. Rep.",2021,2.35,8.23,5.83,55350968593.06,49.73,43.59,7.78,4.11,5.54
"Congo, Dem. Rep.",2022,2.39,18.91,5.72,58065953573.32,26.01,24.89,15.66,2.43,3.34
"Congo, Dem. Rep.",2023,,,,,,,,,
"Congo, Rep.",2020,4.49,-11.08,-12.9,10483151093.69,-42.68,-36.34,-3.68,,-9.23
"Congo, Rep.",2021,1.5,-12.18,9.97,13366230821.33,9.27,2.5,-7.91,,5.68
"Congo, Rep.",2022,3.1,-0.93,5.07,14615532210.05,8.13,4.8,-1.72,,5.49
"Congo, Rep.",2023,,,,,,,,,
Costa Rica,2020,-1.37,-10.63,-5.35,62395610764.07,-4.21,-12.93,2.14,2.14,-5.49
Costa Rica,2021,3.12,0.0,0.0,64616482167.75,7.44,0.0,10.84,14.51,6.45
Costa Rica,2022,-4.15,29.99,8.98,68380838316.28,-6.91,20.95,1.26,3.05,5.57
Costa Rica,2023,,,,,,,,,
Cote d'Ivoire,2020,7.92,10.74,4.39,62982768371.52,16.61,6.06,-1.58,0.52,-0.21
Cote d'Ivoire,2021,1.04,10.55,4.2,71811075954.68,-7.13,13.41,7.4,,8.57
Cote d'Ivoire,2022,5.1,10.18,3.98,70018715016.7,11.33,6.84,8.09,,6.78
Cote d'Ivoire,2023,,,,,,,,,
Croatia,2020,-0.16,-23.25,-2.59,57624938982.36,-4.91,-12.38,-3.95,-5.75,-9.03
Croatia,2021,8.21,36.35,7.93,68843674641.21,-0.26,17.57,9.11,8.58,14.05
Croatia,2022,5.96,25.39,4.47,70964606464.64,13.43,24.98,2.36,2.45,7.78
Croatia,2023,,,,,,,,,
Cuba,2020,-22.94,-20.55,-9.09,107352000000.0,-5.93,-7.61,-8.15,-14.57,-11.21
Cuba,2021,-13.15,-9.11,2.41,,-0.44,-4.65,-6.75,-15.77,4.11
Cuba,2022,,,,,,,,,
Cuba,2023,,,,,,,,,
Curacao,2020,,,,2496174748.6,,,,,
Curacao,2021,,,,2699612458.1,,,,,
Curacao,2022,,,,,,,,,
Curacao,2023,,,,,,,,,
Cyprus,2020,-1.26,2.21,-3.24,25008266159.25,-5.92,3.22,-4.67,-2.21,-4.06
Cyprus,2021,0.1,13.55,5.6,28408064462.19,-7.5,8.98,8.1,6.8,6.24
Cyprus,2022,0.8,13.68,5.79,28439052740.86,27.84,18.83,0.18,1.66,6.56
Cyprus,2023,,,,,,,,,
Czechia,2020,11.06,-8.03,-3.88,245974558654.04,-9.27,-8.2,-9.92,-11.39,-3.09
Czechia,2021,-14.88,6.9,3.22,281791218507.1,19.09,13.32,3.27,4.94,4.32
Czechia,2022,-2.44,5.65,-0.4,290923534700.52,8.5,5.66,1.56,2.86,3.1
Czechia,2023,,,,,,,,,
Denmark,2020,6.59,-6.31,-1.36,355222449505.21,3.85,-3.55,-3.11,-2.66,-2.35
Denmark,2021,-15.26,7.99,4.16,398303272764.46,6.14,7.97,5.25,5.31,5.28
Denmark,2022,-5.7,8.61,-2.69,395403906582.0,12.1,4.23,13.85,18.57,1.94
Denmark,2023,,,,,,,,,
Djibouti,2020,11.49,-29.7,8.19,3181071153.66,-53.86,-29.54,-4.43,18.69,3.1
Djibouti,2021,,,,3372287461.81,,,,,
Djibouti,2022,,,,3515109075.46,,,,,
Djibouti,2023,,,,,,,,,
Dominica,2020,3.23,,,504214814.81,,,-31.53,4.6,-11.5
Dominica,2021,23.39,,,555266666.67,,,5.01,-8.41,4.53
Dominica,2022,5.42,,,612048148.15,,,2.03,20.04,6.51
Dominica,2023,,,,,,,,,
Dominican Republic,2020,2.84,-30.32,-2.21,78844655833.22,-26.16,-14.62,-6.25,-2.28,-7.86
Dominican Republic,2021,2.64,36.17,5.6,94243426487.08,17.17,24.67,15.89,12.93,7.85
Dominican Republic,2022,5.04,13.7,5.3,113641857434.0,4.34,15.1,1.43,2.98,8.08
Dominican Republic,2023,,,,,,,,,
Early-demographic dividend,2020,2.7,-11.51,-3.44,10909268111328.2,-10.87,-13.52,-3.97,-2.51,-4.6
Early-demographic dividend,2021,2.25,14.45,7.68,12674194364881.8,12.18,15.58,7.47,9.28,6.91
Early-demographic dividend,2022,2.6,11.81,6.66,14029514129086.9,7.56,13.38,4.54,4.09,6.44
Early-demographic dividend,2023,,,,,,,,,
East Asia & Pacific,2020,1.9,,-1.26,27144860679483.9,1.65,,0.47,,-0.74
East Asia & Pacific,2021,5.8,,5.59,31095572987690.8,3.78,,7.2,,5.78
East Asia & Pacific,2022,3.93,,2.76,30655246030297.7,3.53,,3.53,,3.07
East Asia & Pacific,2023,,,,,,,,,
East Asia & Pacific (IDA & IBRD countries),2020,2.59,,-0.6,17465598594220.7,2.88,,1.52,,1.02
East Asia & Pacific (IDA & IBRD countries),2021,5.7,,7.71,20811347144902.6,4.05,,7.96,,7.56
East Asia & Pacific (IDA & IBRD countries),2022,3.66,,2.43,21162883158375.4,3.82,,3.87,,3.01
East Asia & Pacific (IDA & IBRD countries),2023,,,,,,,,,
East Asia & Pacific (excluding high income),2020,2.59,,-0.6,17487420266794.3,2.88,,1.52,,1.02
East Asia & Pacific (excluding high income),2021,5.7,,7.71,20837352063117.5,4.05,,7.96,,7.56
East Asia & Pacific (excluding high income),2022,3.66,,2.43,21189324409148.3,3.82,,3.87,,3.01
East Asia & Pacific (excluding high income),2023,,,,,,,,,
Ecuador,2020,0.36,-5.4,-7.58,99291124000.0,-18.96,-13.84,-9.98,-6.31,-7.21
Ecuador,2021,3.39,-0.13,7.81,106165866000.0,9.03,13.25,0.49,4.2,5.82
Ecuador,2022,-1.01,2.54,4.57,115049476000.0,-0.4,4.49,1.08,0.21,4.54
Ecuador,2023,,,,,,,,,
"Egypt, Arab Rep.",2020,3.42,-23.66,7.42,383817841547.1,-18.78,-18.72,0.44,0.82,3.69
"Egypt, Arab Rep.",2021,3.82,-13.85,5.91,424671765455.7,-1.92,0.47,-0.96,-5.89,3.48
"Egypt, Arab Rep.",2022,3.97,57.34,2.99,476747720364.74,15.97,24.29,6.56,9.57,6.38
"Egypt, Arab Rep.",2023,,,,,,,,,
El Salvador,2020,-4.34,-24.6,-5.27,24930080000.0,-11.98,-14.79,-11.31,-13.94,-6.75
El Salvador,2021,4.02,29.36,14.36,29451240000.0,9.92,28.79,11.1,14.27,10.42
El Salvador,2022,0.6,10.17,1.86,32488720000.0,-7.58,1.21,2.82,-0.56,3.46
El Salvador,2023,,,,,,,,,
Equatorial Guinea,2020,-2.29,-4.9,0.37,10099157995.58,-64.16,-10.83,-4.29,-6.87,-4.05
Equatorial Guinea,2021,4.66,4.45,0.42,12269393392.16,20.01,12.54,-6.46,4.51,8.03
Equatorial Guinea,2022,3.59,2.42,2.17,11813908447.81,65.3,6.16,1.3,9.81,4.88
Equatorial Guinea,2023,,,,,,,,,
Eritrea,2020,,,,,,,,,
Eritrea,2021,,,,,,,,,
Eritrea,2022,,,,,,,,,
Eritrea,2023,,,,,,,,,
Estonia,2020,-0.3,-5.27,0.06,31370395572.77,22.68,0.43,-0.5,-6.52,0.3
Estonia,2021,-15.63,19.94,5.65,37191166151.98,7.97,21.01,7.13,6.79,8.22
Estonia,2022,-24.91,4.96,1.51,38100812958.52,0.26,5.78,-2.96,0.06,0.08
Estonia,2023,,,,,,,,,
Eswatini,2020,-7.54,-2.4,2.0,3982236726.37,-8.17,-1.33,-9.68,-10.05,5.41
Eswatini,2021,2.52,9.94,0.26,4748702400.66,11.39,14.37,15.38,16.59,4.12
Eswatini,2022,,,,4854167638.37,,,,,
Eswatini,2023,,,,,,,,,
Ethiopia,2020,4.25,-5.4,7.97,107657734392.45,-3.25,-1.99,9.64,7.51,5.29
Ethiopia,2021,5.55,18.95,7.95,111261882913.34,-0.29,13.26,7.27,5.1,6.27
Ethiopia,2022,6.12,,,126783472501.13,,,4.9,4.82,7.61
Ethiopia,2023,,,,,,,,,
Euro area,2020,-0.25,-8.91,-5.31,13086148411425.1,-7.44,-8.5,-6.39,-7.37,-6.06
Euro area,2021,0.16,10.55,3.89,14570891691511.7,5.5,8.38,6.97,8.31,4.78
Euro area,2022,-1.12,6.98,3.41,14040893546587.3,4.98,7.94,2.21,3.19,4.27
Euro area,2023,,,,,,,,,
Europe & Central Asia,2020,0.75,-8.57,-5.35,22150021659550.1,-7.08,-8.45,-4.55,-5.2,-6.01
Europe & Central Asia,2021,0.18,9.78,5.34,25153884144575.6,7.04,8.78,6.97,8.73,5.8
Europe & Central Asia,2022,-0.3,6.12,3.76,25192037594848.6,4.18,7.23,1.72,2.31,4.04
Europe & Central Asia,2023,,,,,,,,,
Europe & Central Asia (IDA & IBRD countries),2020,1.88,-7.54,-1.08,3899326823730.17,-5.46,-5.36,-1.81,-0.42,-1.57
Europe & Central Asia (IDA & IBRD countries),2021,0.1,11.25,8.62,4615367974096.26,13.04,13.03,6.61,9.41,8.79
Europe & Central Asia (IDA & IBRD countries),2022,0.65,-0.7,5.1,5185102776173.97,,0.52,0.92,0.98,2.62
Europe & Central Asia (IDA & IBRD countries),2023,,,,,,,,,
Europe & Central Asia (excluding high income),2020,2.04,-8.83,-0.85,2990896567052.31,,-6.08,-1.12,1.59,-1.57
Europe & Central Asia (excluding high income),2021,0.47,10.09,9.28,3581677715819.85,,11.62,7.38,10.77,8.76
Europe & Central Asia (excluding high income),2022,1.28,-4.45,5.78,4124699980830.46,,-3.35,-0.1,0.05,2.27
Europe & Central Asia (excluding high income),2023,,,,,,,,,
European Union,2020,-0.15,-8.4,-4.84,15370461303996.4,-6.83,-7.89,-6.07,-7.24,-5.57
European Union,2021,-0.31,10.54,4.08,17187869517145.9,6.44,9.07,6.57,8.0,5.06
European Union,2022,-2.23,7.06,3.13,16641391923811.1,5.93,7.87,2.68,3.55,4.17
European Union,2023,,,,,,,,,
Faroe Islands,2020,,,,3248670978.1,,,,,
Faroe Islands,2021,,,,3649878680.23,,,,,
Faroe Islands,2022,,,,,,,,,
Faroe Islands,2023,,,,,,,,,
Fiji,2020,3.27,,,4477030179.83,,,-10.56,-8.32,-16.77
Fiji,2021,0.46,,,4296235427.52,,,-8.34,-1.83,-2.92
Fiji,2022,5.49,,,4943248200.04,,,22.11,4.46,9.73
Fiji,2023,,,,,,,,,
Finland,2020,2.16,-7.76,-2.26,271886077382.1,0.01,-6.16,-1.28,-2.46,-2.81
Finland,2021,-3.79,6.0,3.7,296387625263.56,0.85,6.03,1.57,1.85,4.2
Finland,2022,-2.41,1.72,2.35,280825957768.48,12.97,7.5,2.13,3.52,2.79
Finland,2023,,,,,,,,,
Fragile and conflict affected situations,2020,1.43,-16.58,0.29,1663072394700.79,-166.24,-23.51,,,
Fragile and conflict affected situations,2021,0.4,-9.17,7.97,1783491556983.2,254.03,12.96,,,
Fragile and conflict affected situations,2022,0.07,,,1892553416324.0,,,,,
Fragile and conflict affected situations,2023,,,,,,,,,
France,2020,-6.28,-16.83,-5.9,2639008701648.21,-8.66,-12.79,-11.61,-12.68,-6.99
France,2021,-0.65,8.77,5.64,2957879759263.52,9.91,7.99,6.98,5.29,6.63
France,2022,1.14,7.01,2.81,2782905325624.52,4.52,8.89,-1.07,0.88,3.66
France,2023,,,,,,,,,
French Polynesia,2020,,,,5731835679.23,,,,,
French Polynesia,2021,,,,6080359305.29,,,,,
French Polynesia,2022,,,,,,,,,
French Polynesia,2023,,,,,,,,,
Gabon,2020,4.84,10.03,-0.11,15314577167.82,-16.67,-6.01,-2.35,-5.11,-2.53
Gabon,2021,11.23,-1.98,-0.21,20217946921.21,9.18,3.48,3.22,6.72,1.39
Gabon,2022,9.55,7.35,0.82,21071739227.94,8.28,8.58,3.36,2.23,2.4
Gabon,2023,,,,,,,,,
"Gambia, The",2020,10.59,-19.99,0.82,1812170878.31,26.68,5.95,8.22,-29.64,-4.96
"Gambia, The",2021,4.68,5.7,2.36,2038414973.57,22.16,13.3,10.4,-29.74,1.88
"Gambia, The",2022,6.08,-0.42,3.24,2273060863.14,17.97,10.9,5.59,-3.88,2.76
"Gambia, The",2023,,,,,,,,,
Georgia,2020,8.06,-37.62,8.51,15842922532.72,-15.19,-16.59,-6.84,-7.1,-8.07
Georgia,2021,1.49,24.37,13.43,18629365612.1,-21.93,10.97,2.4,4.97,15.49
Georgia,2022,2.95,38.22,-2.25,24605375420.07,23.15,14.42,15.21,7.78,9.39
Georgia,2023,,,,,,,,,
Germany,2020,8.02,-9.27,-2.95,3889668895299.56,-3.28,-8.5,-5.9,-8.07,-3.1
Germany,2021,1.61,9.71,1.44,4259934911821.64,3.5,9.0,3.61,5.07,2.27
Germany,2022,-4.61,2.87,3.36,4072191736089.51,2.3,5.99,-0.47,0.2,2.81
Germany,2023,,,,,,,,,
Ghana,2020,7.28,-50.66,0.03,70043095503.25,1.91,-54.5,-2.5,1.91,0.68
Ghana,2021,8.42,69.08,8.81,79156409409.86,15.26,113.81,-0.8,7.82,9.35
Ghana,2022,0.43,9.44,3.77,72838798787.71,6.15,13.04,5.75,1.55,2.34
Ghana,2023,,,,,,,,,
Gibraltar,2020,,,,,,,,,
Gibraltar,2021,,,,,,,,,
Gibraltar,2022,,,,,,,,,
Gibraltar,2023,,,,,,,,,
Greece,2020,-4.71,-21.52,-5.4,188925995936.8,11.31,-7.27,2.5,7.5,-11.61
Greece,2021,-2.54,24.1,4.88,214873879833.65,21.4,17.65,10.67,12.06,7.85
Greece,2022,1.29,4.88,5.51,219065872466.25,21.75,10.22,4.19,4.55,6.26
Greece,2023,,,,,,,,,
Greenland,2020,2.17,-5.59,-0.81,3082909157.61,0.42,-5.85,10.88,23.23,-3.88
Greenland,2021,10.0,0.65,2.22,3235816195.07,6.47,5.89,-10.63,4.22,1.55
Greenland,2022,,,,,,,,,
Greenland,2023,,,,,,,,,
Grenada,2020,-14.48,,,1043411111.11,,,-14.82,-10.24,-13.27
Grenada,2021,15.67,,,1122800000.0,,,15.33,11.13,1.78
Grenada,2022,-10.97,,,1256413185.19,,,12.73,4.5,5.34
Grenada,2023,,,,,,,,,
Guam,2020,,-74.07,,5886000000.0,,-2.65,,,
Guam,2021,,-49.14,,6123000000.0,,2.31,,,
Guam,2022,,,,,,,,,
Guam,2023,,,,,,,,,
Guatemala,2020,-0.09,-7.53,-1.33,77715183063.21,-34.58,-5.76,-0.83,-0.63,-2.13
Guatemala,2021,4.28,10.26,8.04,86053079767.35,27.8,19.49,8.58,8.12,8.08
Guatemala,2022,2.56,6.97,4.59,95003333381.19,-1.53,4.36,4.64,3.64,4.59
Guatemala,2023,,,,,,,,,
Guinea,2020,0.09,-8.56,4.43,14177835840.83,5.89,-6.7,9.35,-0.58,-1.11
Guinea,2021,8.3,39.27,5.9,16091817842.23,65.98,64.8,2.66,5.5,3.97
Guinea,2022,4.7,-2.66,4.72,21227749388.73,-0.96,-2.89,4.7,4.7,4.7
Guinea,2023,,,,,,,,,
Guinea-Bissau,2020,-0.78,-14.63,-1.94,1431758231.68,9.63,-3.0,-0.7,,-4.29
Guinea-Bissau,2021,,,,1638517606.89,,,,,
Guinea-Bissau,2022,,,,1633559092.07,,,,,
Guinea-Bissau,2023,,,,,,,,,
Guyana,2020,4.15,,,5471256594.72,,,162.67,-8.57,-9.44
Guyana,2021,-9.07,,,8044498800.96,,,33.52,3.59,11.9
Guyana,2022,,,,15357537068.34,,,,,
Guyana,2023,,,,,,,,,
Haiti,2020,-5.41,-37.93,-2.91,14508222518.16,-23.18,-18.28,-4.84,-4.2,-1.19
Haiti,2021,-4.13,23.46,1.92,20877414952.12,-28.79,2.33,-2.48,-1.68,-2.47
Haiti,2022,-4.54,2.38,0.98,20253551885.21,-9.88,4.92,-0.37,2.42,-1.59
Haiti,2023,,,,,,,,,
Heavily indebted poor countries (HIPC),2020,2.69,-14.66,0.34,808664234946.38,0.69,-12.84,1.06,-1.23,-1.22
Heavily indebted poor countries (HIPC),2021,2.56,15.66,5.12,898771753067.72,44.62,22.96,4.9,4.89,3.72
Heavily indebted poor countries (HIPC),2022,3.12,8.0,3.48,970109981803.94,-22.06,10.68,4.9,3.66,4.27
Heavily indebted poor countries (HIPC),2023,,,,,,,,,
High income,2020,2.67,-8.45,-3.75,53937976780898.1,-5.25,-8.15,-4.06,-4.86,-4.18
High income,2021,-5.38,9.2,5.43,60016712305060.2,6.26,10.06,5.01,7.73,5.58
High income,2022,,5.05,,61535768880816.7,,6.25,,,
High income,2023,,,,,,,,,
Honduras,2020,-6.26,-20.83,-4.96,23827859694.79,-25.15,-18.5,-14.34,-14.04,-5.04
Honduras,2021,0.44,21.48,14.11,28488721296.2,49.1,33.0,20.05,19.43,11.21
Honduras,2022,-0.72,5.77,4.36,31717700115.25,0.68,4.78,5.31,5.98,6.2
Honduras,2023,,,,,,,,,
Hong Kong,2020,3.8,-6.68,-8.09,344943149590.06,,-6.86,-11.21,-5.83,-6.67
Hong Kong,2021,-2.5,17.04,5.65,368911387845.42,,15.82,1.26,5.47,5.94
Hong Kong,2022,-6.0,-12.61,0.33,359838598806.09,-13.07,-12.19,3.19,0.21,-3.07
Hong Kong,2023,,,,,,,,,
Hungary,2020,-8.05,-6.15,-0.97,157227094449.07,-6.72,-3.85,-7.87,-7.91,-3.24
Hungary,2021,0.96,8.81,3.72,182275444031.79,12.95,7.68,7.28,8.98,8.15
Hungary,2022,-30.92,11.84,4.69,178788572067.59,2.25,11.07,5.02,5.86,6.97
Hungary,2023,,,,,,,,,
IBRD only,2020,2.7,,-2.28,30036645646514.1,0.04,,-0.57,,-1.67
IBRD only,2021,4.24,,7.75,35615582809273.0,7.3,,7.81,,7.55
IBRD only,2022,2.75,,3.69,37635709395799.7,3.99,,3.38,,3.76
IBRD only,2023,,,,,,,,,
IDA & IBRD total,2020,2.66,,-2.01,32450856363672.7,-0.1,-12.09,-0.56,,-1.64
IDA & IBRD total,2021,3.86,,7.8,38246179203967.4,7.98,15.97,7.61,,7.34
IDA & IBRD total,2022,2.71,,3.79,40448776490634.5,3.39,,3.39,,3.87
IDA & IBRD total,2023,,,,,,,,,
IDA blend,2020,2.89,-20.5,1.2,1002567723026.3,-8.74,-30.31,-3.72,-3.35,-1.98
IDA blend,2021,2.73,-7.09,12.38,1096038565477.42,49.46,23.47,3.72,6.71,6.3
IDA blend,2022,2.69,,,1173302850133.18,,,1.29,5.66,6.66
IDA blend,2023,,,,,,,,,
IDA only,2020,2.07,-14.48,0.54,1410929236494.53,0.36,-11.86,1.72,-0.41,-0.29
IDA only,2021,1.38,12.86,3.99,1534883548261.97,8.03,17.59,4.08,8.09,2.8
IDA only,2022,2.34,13.45,3.76,1639926057562.36,7.12,13.05,5.03,5.24,4.03
IDA only,2023,,,,,,,,,
IDA total,2020,2.46,-16.67,0.87,2413496959520.84,-2.58,-18.87,-0.38,-1.74,-1.13
IDA total,2021,2.03,5.77,8.22,2630947161900.7,20.6,19.56,3.95,7.45,4.52
IDA total,2022,2.51,12.95,,2813266144561.78,,12.79,3.64,5.43,5.36
IDA total,2023,,,,,,,,,
Iceland,2020,-0.15,-31.07,-0.58,21553080483.81,-6.4,-20.64,-3.29,-7.3,-8.29
Iceland,2021,8.74,14.69,5.42,25552639899.07,9.47,19.9,4.21,9.65,4.12
Iceland,2022,-0.71,20.6,6.2,27841648044.38,6.99,19.69,3.64,-0.01,7.75
Iceland,2023,,,,,,,,,
India,2020,4.11,-9.14,-4.57,2671595389575.7,-7.94,-13.68,-0.88,2.91,-8.23
India,2021,3.51,29.29,10.49,3150306834279.65,17.91,21.82,11.62,11.05,8.81
India,2022,3.35,11.5,6.4,3385089881935.39,9.63,18.84,3.61,0.56,9.38
India,2023,,,,,,,,,
Indonesia,2020,1.77,-8.42,-2.07,1059054842711.72,-6.9,-17.6,-2.8,-2.93,-1.45
Indonesia,2021,1.87,17.95,2.29,1186505455720.81,4.07,24.87,3.42,3.39,3.55
Indonesia,2022,2.25,16.28,3.7,1319100220389.02,4.03,14.75,4.11,4.89,6.46
Indonesia,2023,,,,,,,,,
"Iran, Islamic Rep.",2020,3.17,-12.83,0.2,239735486745.7,,-29.71,7.8,7.2,2.25
"Iran, Islamic Rep.",2021,-2.62,5.18,4.9,359096907772.98,,24.09,3.21,3.27,6.45
"Iran, Islamic Rep.",2022,1.35,7.26,2.9,388544468139.73,,9.25,4.41,,2.08
"Iran, Islamic Rep.",2023,,,,,,,,,
Iraq,2020,22.46,-10.1,-0.84,180924091442.95,-34.92,-23.95,-16.43,-6.21,-7.3
Iraq,2021,-20.56,-13.29,4.55,207691599310.34,6.91,7.67,-0.67,19.4,9.48
Iraq,2022,-10.56,,,264182173793.1,,,11.15,1.99,1.1
Iraq,2023,,,,,,,,,
Ireland,2020,1.6,11.17,-5.36,425852281928.11,-15.04,-2.07,20.34,23.27,-0.61
Ireland,2021,0.38,14.07,5.16,504182603275.54,-37.25,-8.35,20.33,22.61,7.0
Ireland,2022,2.27,15.0,4.88,529244870222.76,28.5,18.95,22.69,23.58,6.11
Ireland,2023,,,,,,,,,
Isle of Man,2020,7.27,,,6684229268.53,,,6.66,3.89,-10.94
Isle of Man,2021,,,,,,,,,
Isle of Man,2022,,,,,,,,,
Isle of Man,2023,,,,,,,,,
Israel,2020,-6.75,-2.74,-4.76,413267669231.52,1.2,-8.15,-0.53,2.79,-1.92
Israel,2021,6.73,14.57,8.89,488526545878.89,12.59,20.64,6.05,4.81,9.15
Israel,2022,,8.26,5.55,522033446211.62,12.37,11.72,,,
Israel,2023,,,,,,,,,
Italy,2020,-4.6,-13.51,-7.93,1897210466667.52,-10.53,-12.13,-10.24,-13.38,-7.89
Italy,2021,-1.11,14.01,3.86,2114355756913.92,21.21,15.2,14.18,14.07,4.72
Italy,2022,-1.81,9.41,3.45,2010431598465.38,7.4,11.82,1.95,0.26,4.73
Italy,2023,,,,,,,,,
Jamaica,2020,-1.44,-30.0,-9.32,13812421859.4,-14.97,-26.7,-5.7,-5.37,-11.16
Jamaica,2021,8.29,25.8,2.83,14657586359.38,-5.1,12.0,2.38,2.96,4.82
Jamaica,2022,9.04,15.1,6.44,17097760745.21,-9.16,11.8,-0.38,6.26,6.29
Jamaica,2023,,,,,,,,,
Japan,2020,-7.5,-11.59,-2.77,5048789595589.43,-5.37,-6.75,-4.81,-6.0,-4.73
Japan,2021,3.25,11.69,1.26,5005536736792.29,0.7,5.06,4.89,7.53,2.33
Japan,2022,,,,4231141201863.17,,,,,
Japan,2023,,,,,,,,,
Jordan,2020,1.27,,,43579916197.18,,,-2.13,-2.47,-1.01
Jordan,2021,2.8,,,45116317042.25,,,3.09,2.34,1.89
Jordan,2022,3.29,,,47451499859.15,,,3.32,3.33,2.25
Jordan,2023,,,,,,,,,
Kazakhstan,2020,5.9,-11.3,-0.84,171082365723.33,-1.0,-9.0,3.05,4.0,-5.3
Kazakhstan,2021,-2.2,2.0,4.0,197112255360.61,0.5,-2.7,5.1,4.7,4.4
Kazakhstan,2022,9.1,,,220623001966.69,,,3.75,3.4,2.6
Kazakhstan,2023,,,,,,,,,
Kenya,2020,4.62,-14.91,-0.84,100657505600.66,2.23,-9.42,3.35,-0.29,-1.83
Kenya,2021,-0.35,15.25,6.15,109703659312.87,13.39,22.15,7.47,7.31,9.6
Kenya,2022,-1.64,10.66,3.77,113420008178.79,-2.99,4.46,3.87,2.74,6.67
Kenya,2023,,,,,,,,,
Kiribati,2020,-1.02,-33.57,-5.73,177553260.11,-3.75,-18.13,-1.57,2.62,2.0
Kiribati,2021,,,,227610034.76,,,,,
Kiribati,2022,,,,223352943.19,,,,,
Kiribati,2023,,,,,,,,,
"Korea, Dem. People's Rep.",2020,,,,,,,,,
"Korea, Dem. People's Rep.",2021,,,,,,,,,
"Korea, Dem. People's Rep.",2022,,,,,,,,,
"Korea, Dem. People's Rep.",2023,,,,,,,,,
"Korea, Rep.",2020,-5.79,-1.71,-2.25,1644312785467.12,0.89,-3.13,-0.82,-1.07,-0.8
"Korea, Rep.",2021,3.79,10.85,4.24,1810955871380.98,2.34,10.06,5.09,6.89,3.78
"Korea, Rep.",2022,-1.26,3.2,4.28,1665245538594.96,-0.37,3.69,1.2,1.37,4.16
"Korea, Rep.",2023,,,,,,,,,
Kosovo,2020,-5.76,-29.09,2.43,7717143395.26,-7.14,-6.03,-0.98,1.19,-4.82
Kosovo,2021,-2.49,76.76,7.55,9412034299.23,10.71,31.43,7.76,10.62,9.39
Kosovo,2022,2.28,17.21,3.3,9429156201.96,-6.14,4.9,1.95,8.7,4.39
Kosovo,2023,,,,,,,,,
Kuwait,2020,-3.86,,,105948765156.03,,,-12.2,-32.6,-3.24
Kuwait,2021,,,,136797422273.87,,,,,
Kuwait,2022,,,,184558274288.74,,,,,
Kuwait,2023,,,,,,,,,
Kyrgyz Republic,2020,0.86,-27.28,-6.64,7780873258.67,-29.21,-27.95,-9.86,-7.06,-8.92
Kyrgyz Republic,2021,-4.55,16.36,16.7,8740681889.21,21.79,39.26,2.71,6.5,7.92
Kyrgyz Republic,2022,7.31,,,10930644915.24,,,10.94,16.4,4.61
Kyrgyz Republic,2023,,,,,,,,,
Lao PDR,2020,3.22,,,18981800705.08,,,3.96,5.59,-3.51
Lao PDR,2021,2.29,,,18827148530.02,,,7.61,9.39,-2.09
Lao PDR,2022,1.65,,,15724383783.24,,,3.34,5.09,2.46
Lao PDR,2023,,,,,,,,,
Late-demographic dividend,2020,2.53,,-1.78,22525940505680.5,1.76,,1.02,,-0.26
Late-demographic dividend,2021,5.63,,7.73,26827496302511.4,4.66,,7.8,,7.55
Late-demographic dividend,2022,3.22,,2.36,28078790059154.9,3.43,,3.78,,2.81
Late-demographic dividend,2023,,,,,,,,,
Latin America & Caribbean,2020,0.42,-8.96,-6.62,4777568569259.72,-14.21,-13.5,-7.63,-7.23,-6.45
Latin America & Caribbean,2021,1.6,7.68,6.9,5510523909432.78,20.52,17.42,7.35,8.47,6.62
Latin America & Caribbean,2022,-0.58,7.23,4.97,6246621760429.05,1.85,7.59,2.87,2.98,4.57
Latin America & Caribbean,2023,,,,,,,,,
Latin America & Caribbean (excluding high income),2020,0.59,-9.24,-6.57,4020603113235.61,-13.83,-13.55,-7.67,-7.35,-6.26
Latin America & Caribbean (excluding high income),2021,1.38,8.28,6.08,4624162365921.03,20.29,16.37,7.33,8.54,6.21
Latin America & Caribbean (excluding high income),2022,-0.62,7.49,5.02,5300574665731.37,1.64,8.13,3.04,3.27,4.41
Latin America & Caribbean (excluding high income),2023,,,,,,,,,
Latin America & the Caribbean (IDA & IBRD countries),2020,0.71,-8.68,-6.53,4529215519228.92,-13.98,-13.51,-7.6,-7.1,-6.3
Latin America & the Caribbean (IDA & IBRD countries),2021,1.75,7.79,6.79,5238233593531.77,21.13,17.65,7.6,8.86,6.67
Latin America & the Caribbean (IDA & IBRD countries),2022,-0.58,7.14,4.92,5945540330771.45,1.54,7.61,2.87,2.99,4.56
Latin America & the Caribbean (IDA & IBRD countries),2023,,,,,,,,,
Latvia,2020,0.67,-0.34,-2.82,34601740323.34,-0.03,-0.33,1.83,2.5,-3.23
Latvia,2021,-8.91,5.92,7.15,39725383601.21,18.21,15.25,1.95,7.37,5.47
Latvia,2022,7.03,9.12,6.68,41153912662.86,-4.66,11.68,-2.71,2.75,4.17
Latvia,2023,,,,,,,,,
Least developed countries: UN classification,2020,1.7,-8.7,1.26,1162434896497.14,-0.78,-7.84,1.51,0.49,0.15
Least developed countries: UN classification,2021,1.67,4.78,3.25,1266463101991.61,8.01,11.41,2.04,7.35,1.74
Least developed countries: UN classification,2022,2.56,13.91,4.88,1416759808404.47,10.87,17.09,6.43,7.85,4.53
Least developed countries: UN classification,2023,,,,,,,,,
Lebanon,2020,0.64,-53.74,-21.84,31712128253.8,-56.08,-46.03,-6.45,-21.78,-18.27
Lebanon,2021,-7.07,13.08,-6.98,23131941556.78,-16.67,-12.19,-6.85,-6.85,-4.87
Lebanon,2022,,,,,,,,,
Lebanon,2023,,,,,,,,,
Lesotho,2020,8.72,-17.55,2.64,2117736527.8,-10.98,-0.54,-12.24,-9.09,-4.17
Lesotho,2021,2.05,,,2373416268.51,,,4.74,7.66,1.88
Lesotho,2022,-25.57,,,2553459762.8,,,3.45,-0.31,0.76
Lesotho,2023,,,,,,,,,
Liberia,2020,2.4,,,3039982500.0,,,0.23,,-7.91
Liberia,2021,1.87,,,3509000000.0,,,16.25,,3.59
Liberia,2022,7.39,,,4001047150.0,,,7.68,,1.36
Liberia,2023,,,,,,,,,
Libya,2020,-30.11,-52.56,,46808208747.28,,2.9,-34.6,,-21.87
Libya,2021,31.38,,,39798423941.03,,,45.0,,11.11
Libya,2022,10.0,,,45752336035.98,,,-9.9,,15.0
Libya,2023,,,,,,,,,
Liechtenstein,2020,,,,6405765970.48,,,,,
Liechtenstein,2021,,,,7186428783.12,,,,,
Liechtenstein,2022,,,,,,,,,
Liechtenstein,2023,,,,,,,,,
Lithuania,2020,18.0,0.4,-2.22,56914826860.69,-10.33,-4.46,1.26,1.06,-1.42
Lithuania,2021,-11.74,17.01,6.29,66414994991.79,10.16,19.9,8.58,11.57,5.78
Lithuania,2022,0.06,11.9,0.48,70334299008.38,6.58,12.3,4.78,5.86,0.63
Lithuania,2023,,,,,,,,,
Low & middle income,2020,2.67,,-1.99,30983506895431.5,0.1,,-0.42,,-1.59
Low & middle income,2021,3.89,,7.73,36537287030968.6,7.73,,7.67,,7.23
Low & middle income,2022,2.78,,3.84,38687654409587.6,3.19,,3.37,,3.82
Low & middle income,2023,,,,,,,,,
Low income,2020,0.85,-4.03,-0.1,436035519309.06,-0.2,-5.19,2.21,-0.99,-1.03
Low income,2021,1.88,9.97,3.95,467876851996.68,8.92,13.16,3.53,2.54,0.58
Low income,2022,3.28,,,521634375508.58,,,5.62,3.71,3.33
Low income,2023,,,,,,,,,
Lower middle income,2020,3.04,-11.07,-1.6,6619062047763.54,-9.04,-15.25,-1.41,0.11,-4.15
Lower middle income,2021,2.8,13.18,8.05,7592013359834.72,17.09,16.98,6.52,7.79,6.15
Lower middle income,2022,2.22,11.63,5.01,8109649831658.54,3.1,14.51,3.51,2.89,6.69
Lower middle income,2023,,,,,,,,,
Luxembourg,2020,-3.56,0.22,-2.15,73992591285.3,-4.77,-0.41,-4.23,0.3,-0.15
Luxembourg,2021,-0.02,9.68,7.92,85506243833.78,8.81,11.84,2.87,5.06,5.14
Luxembourg,2022,3.37,-0.63,3.14,82274812250.92,-1.09,-0.89,1.44,0.35,1.89
Luxembourg,2023,,,,,,,,,
"Macao SAR, China",2020,,-65.4,-7.41,25459685019.55,-17.46,-15.08,-9.95,,-56.06
"Macao SAR, China",2021,,71.27,5.64,30123795336.89,0.96,48.59,5.17,,29.15
"Macao SAR, China",2022,,-27.88,-5.92,21979475560.62,-18.7,-7.78,,,
"Macao SAR, China",2023,,,,,,,,,
Madagascar,2020,-1.37,-36.64,4.33,13051441203.45,-11.26,-16.59,-21.56,-12.09,-4.83
Madagascar,2021,-1.57,55.01,2.67,14554754115.21,-26.64,12.68,19.39,3.29,4.75
Madagascar,2022,0.9,27.45,1.31,14954967604.41,3.26,19.84,7.36,,-4.8
Madagascar,2023,,,,,,,,,
Malawi,2020,3.4,,,12056108780.21,,,1.2,,-0.47
Malawi,2021,5.2,,,12602334123.76,,,1.9,,2.0
Malawi,2022,-1.0,,,13164667626.94,,,0.89,,1.79
Malawi,2023,,,,,,,,,
Malaysia,2020,-2.43,-8.56,-2.64,337339463179.96,-12.18,-7.91,-6.06,-2.67,-5.59
Malaysia,2021,-0.21,15.44,2.49,372981073017.75,7.5,17.73,5.65,9.54,1.86
Malaysia,2022,0.05,12.84,9.91,406305924656.07,7.53,14.23,6.64,8.1,11.28
Malaysia,2023,,,,,,,,,
Maldives,2020,7.08,-51.36,-19.95,3746329358.29,-30.61,-41.09,-24.77,-20.12,-34.35
Maldives,2021,-0.64,89.47,23.27,5405557161.74,15.9,35.2,4.51,13.8,46.84
Maldives,2022,,,,6189865408.23,,,,,
Maldives,2023,,,,,,,,,
Mali,2020,-4.8,0.5,2.3,17465392779.04,-19.76,-2.9,-0.07,-0.93,1.36
Mali,2021,1.41,-1.0,3.44,19309463505.98,24.36,14.07,1.01,-1.8,5.13
Mali,2022,3.13,4.0,2.82,18827176532.32,6.8,3.5,3.76,4.39,3.85
Mali,2023,,,,,,,,,
Malta,2020,59.88,-1.64,-3.5,15046136935.48,-3.68,1.98,,-1.76,
Malta,2021,43.35,6.25,7.73,17743376199.35,8.57,3.78,,3.3,
Malta,2022,8.51,6.38,7.63,17765270014.76,28.55,9.67,,,
Malta,2023,,,,,,,,,
Marshall Islands,2020,-2.49,-4.75,-3.24,241722400.0,-58.0,-29.35,-4.7,-1.64,-0.26
Marshall Islands,2021,8.81,22.95,-1.69,259538700.0,-2.76,-8.25,-3.66,-21.93,-0.35
Marshall Islands,2022,,,,279667900.0,,,,,
Marshall Islands,2023,,,,,,,,,
Mauritania,2020,-2.59,-8.61,3.92,8405498735.74,1.79,2.11,2.48,6.9,-0.29
Mauritania,2021,-3.57,-11.73,7.29,9996240418.71,31.79,25.14,-6.61,-2.67,6.4
Mauritania,2022,4.0,6.15,5.41,10375460680.44,10.18,10.15,7.66,,4.49
Mauritania,2023,,,,,,,,,
Mauritius,2020,-1.91,-28.66,-12.92,11401040995.99,-25.78,-28.63,-21.75,-17.73,-13.52
Mauritius,2021,7.19,11.52,2.12,11476433603.78,13.98,7.65,8.77,8.25,2.19
Mauritius,2022,3.39,38.33,3.83,12898307089.13,7.84,9.97,5.57,10.36,10.56
Mauritius,2023,,,,,,,,,
Mexico,2020,0.72,-7.3,-8.83,1090514966785.91,-20.73,-13.73,-9.4,-9.16,-7.44
Mexico,2021,2.54,7.09,6.26,1272838810896.09,14.55,15.64,5.44,8.51,4.29
Mexico,2022,2.78,7.54,5.36,1414187193992.25,5.47,8.87,3.26,5.23,2.77
Mexico,2023,,,,,,,,,
"Micronesia, Fed. Sts.",2020,-6.89,,,408000000.0,,,-9.95,-5.0,0.3
"Micronesia, Fed. Sts.",2021,-6.83,,,404028900.0,,,-8.33,-5.0,-2.05
"Micronesia, Fed. Sts.",2022,-6.76,,,427094119.11,,,-4.31,-5.0,1.5
"Micronesia, Fed. Sts.",2023,,,,,,,,,
Middle East & North Africa,2020,1.55,-10.89,-2.52,3157878645367.9,12.18,-14.17,-4.48,-3.14,-3.23
Middle East & North Africa,2021,0.66,,5.77,3740992832406.26,,,2.83,5.49,5.66
Middle East & North Africa,2022,0.45,,4.15,4414423065617.28,,,6.74,,4.3
Middle East & North Africa,2023,,,,,,,,,
Middle East & North Africa (IDA & IBRD countries),2020,2.19,-18.55,0.14,1269397606042.49,,-20.17,-4.41,-0.84,-2.24
Middle East & North Africa (IDA & IBRD countries),2021,-0.51,-0.66,4.7,1488905605615.52,,5.67,3.65,1.98,5.07
Middle East & North Africa (IDA & IBRD countries),2022,0.13,21.83,2.81,1657891406469.57,,14.06,4.41,,4.1
Middle East & North Africa (IDA & IBRD countries),2023,,,,,,,,,
Middle East & North Africa (excluding high income),2020,2.11,-18.5,-0.03,1284929306042.49,,-20.05,-4.49,-0.98,-2.33
Middle East & North Africa (excluding high income),2021,-0.51,-0.51,4.75,1507013655174.51,,5.88,3.65,1.99,5.1
Middle East & North Africa (excluding high income),2022,0.09,21.65,3.01,1676993028171.17,,14.43,4.4,,4.07
Middle East & North Africa (excluding high income),2023,,,,,,,,,
Middle income,2020,2.75,,-2.02,30547251417512.0,0.1,,-0.45,,-1.59
Middle income,2021,3.98,,7.78,36066152279426.7,7.71,,7.71,,7.3
Middle income,2022,2.76,,3.85,38164267887582.5,3.12,,3.35,,3.83
Middle income,2023,,,,,,,,,
Moldova,2020,-29.39,-14.87,-5.83,11531967881.06,-11.02,-9.55,0.25,-4.39,-8.89
Moldova,2021,50.26,17.53,15.2,13692230147.06,21.47,21.23,0.48,1.04,12.98
Moldova,2022,-25.85,24.89,-2.93,14420947883.6,-4.3,15.79,-10.25,-7.53,-0.27
Moldova,2023,,,,,,,,,
Monaco,2020,,,,6739642360.47,,,,,
Monaco,2021,,,,8596156573.64,,,,,
Monaco,2022,,,,,,,,,
Monaco,2023,,,,,,,,,
Mongolia,2020,5.83,-5.26,4.49,13312981427.4,-40.66,-15.5,-4.39,3.45,-6.52
Mongolia,2021,-5.53,-14.63,-2.66,15286441740.13,80.72,13.57,-2.22,-0.87,3.95
Mongolia,2022,12.0,31.27,6.92,16810883360.91,15.5,30.51,-2.83,6.3,5.54
Mongolia,2023,,,,,,,,,
Montenegro,2020,1.14,-47.64,-3.56,4769995511.55,-11.95,-20.08,-9.86,-8.41,-15.88
Montenegro,2021,-0.48,81.86,3.27,5861430525.58,-12.31,13.69,1.39,9.41,18.95
Montenegro,2022,-0.18,22.73,7.88,6095978867.7,-1.11,21.28,-4.76,,7.67
Montenegro,2023,,,,,,,,,
Morocco,2020,-7.13,-14.99,-4.4,121347533649.79,-11.9,-11.89,-5.23,-7.44,-7.89
Morocco,2021,17.57,8.67,7.53,142866583124.7,13.34,11.81,6.84,6.1,6.37
Morocco,2022,-15.25,21.5,2.61,134181587769.8,-1.87,17.68,-0.37,0.75,5.26
Morocco,2023,,,,,,,,,
Mozambique,2020,3.58,-26.97,-7.73,14156864916.47,-3.39,-22.37,-5.65,-1.29,-2.9
Mozambique,2021,3.75,7.45,3.77,15776757419.52,-2.71,2.79,1.56,1.48,1.65
Mozambique,2022,4.44,,,17851491427.68,,,3.94,-1.52,4.42
Mozambique,2023,,,,,,,,,
Myanmar,2020,1.73,8.0,2.0,78930259068.53,2.18,5.5,3.79,,3.41
Myanmar,2021,-12.46,-18.0,-20.71,65124769601.75,-14.71,-22.1,-20.65,,-18.41
Myanmar,2022,-3.01,5.5,1.94,59364362540.55,2.92,3.0,8.64,,1.63
Myanmar,2023,,,,,,,,,
Namibia,2020,6.29,-16.55,-7.1,10583748757.33,-18.64,-15.04,-12.84,-17.15,-5.63
Namibia,2021,1.3,1.44,9.46,12446290854.9,26.86,20.27,1.59,-1.18,1.81
Namibia,2022,2.61,20.01,10.69,12607436975.95,2.65,23.65,10.37,5.03,2.24
Namibia,2023,,,,,,,,,
Nauru,2020,,,,124685686.62,,,,,
Nauru,2021,,,,145536603.23,,,,,
Nauru,2022,,,,150922211.04,,,,,
Nauru,2023,,,,,,,,,
Nepal,2020,2.43,-15.88,3.62,33433659223.18,-26.67,-20.85,-4.02,-9.03,-4.53
Nepal,2021,2.85,-21.32,7.06,36924841430.06,30.87,18.81,6.95,8.66,4.71
Nepal,2022,2.24,34.06,7.07,40828247302.49,12.41,15.09,10.8,6.74,5.32
Nepal,2023,,,,,,,,,
Netherlands,2020,0.84,-4.33,-3.49,909793466661.47,-6.3,-4.75,-2.09,-2.26,-4.68
Netherlands,2021,2.41,5.25,4.2,1011798853062.0,2.92,4.02,4.93,6.86,5.29
Netherlands,2022,-0.58,4.66,4.58,991114635529.19,2.34,4.14,2.89,3.36,5.61
Netherlands,2023,,,,,,,,,
New Caledonia,2020,,,,9454629451.03,,,,,
New Caledonia,2021,,,,10071349707.16,,,,,
New Caledonia,2022,,,,,,,,,
New Caledonia,2023,,,,,,,,,
New Zealand,2020,4.78,-17.63,2.05,212569779569.52,-2.94,-15.91,-1.73,-1.94,-0.34
New Zealand,2021,-0.54,1.39,6.1,255551704625.83,13.02,17.33,3.94,2.34,5.86
New Zealand,2022,,,,247234053739.27,,,,,
New Zealand,2023,,,,,,,,,
Nicaragua,2020,-0.01,-9.03,0.09,12678162359.4,12.65,0.11,-0.89,-2.26,-2.81
Nicaragua,2021,6.5,18.08,8.85,14145852100.76,26.38,21.12,21.41,14.23,5.21
Nicaragua,2022,1.64,8.56,3.9,15671583877.97,-3.23,4.99,1.39,5.14,5.22
Nicaragua,2023,,,,,,,,,
Niger,2020,7.74,-6.27,7.13,13744174582.25,-3.74,2.7,1.91,3.72,2.14
Niger,2021,-5.1,6.67,1.7,14915002098.5,3.74,6.91,4.09,4.66,5.35
Niger,2022,,-0.0,2.65,13969605582.52,37.19,5.1,,,
Niger,2023,,,,,,,,,
Nigeria,2020,2.17,-33.35,4.52,432198936002.18,-13.9,-61.94,-5.85,-2.75,-2.22
Nigeria,2021,2.13,-32.09,17.52,440833583992.48,4.39,44.44,-0.47,3.35,5.61
Nigeria,2022,1.88,,,477386120635.84,,,-4.62,2.45,6.66
Nigeria,2023,,,,,,,,,
North America,2020,11.15,-12.44,-2.24,22714959162302.7,-4.28,-9.02,-3.8,-4.93,-2.57
North America,2021,-17.9,5.16,6.89,25323694505423.9,7.41,13.14,3.4,6.66,6.55
North America,2022,,,,27610090523673.8,,,,,
North America,2023,,,,,,,,,
North Macedonia,2020,-3.18,-10.9,-2.82,12363580534.68,-16.7,-10.9,-9.06,-6.55,-4.24
North Macedonia,2021,0.31,11.66,8.13,13825049831.8,2.83,11.94,0.47,9.95,7.93
North Macedonia,2022,2.02,13.39,2.0,13563132057.25,15.03,16.11,-4.33,-1.81,4.74
North Macedonia,2023,,,,,,,,,
Northern Mariana Islands,2020,,-74.42,,858000000.0,,-23.75,,,
Northern Mariana Islands,2021,,,,,,,,,
Northern Mariana Islands,2022,,,,,,,,,
Northern Mariana Islands,2023,,,,,,,,,
Norway,2020,6.85,-2.33,-4.2,367633418886.63,-3.19,-9.85,3.21,-5.29,-3.81
Norway,2021,6.17,5.81,4.65,490293364377.18,-2.04,1.71,2.55,3.99,4.64
Norway,2022,2.03,5.91,4.3,579267365866.34,4.55,9.3,0.35,0.59,5.46
Norway,2023,,,,,,,,,
Not classified,2020,,,,,,,,,
Not classified,2021,,,,,,,,,
Not classified,2022,,,,,,,,,
Not classified,2023,,,,,,,,,
OECD members,2020,3.27,-9.09,-3.71,52536127270671.7,-5.83,-8.47,-4.33,-5.19,-4.12
OECD members,2021,-5.18,8.63,5.65,58363931312919.0,6.43,9.59,5.16,7.72,5.7
OECD members,2022,,6.59,,59596537275134.1,,8.02,,,
OECD members,2023,,,,,,,,,
Oman,2020,14.3,-14.63,0.17,75909397659.3,2.69,-8.92,-0.04,-11.3,-8.61
Oman,2021,8.97,14.19,4.75,88191977373.21,-16.8,2.73,1.05,4.49,4.94
Oman,2022,-9.73,,,114667360208.06,,,5.05,16.98,4.25
Oman,2023,,,,,,,,,
Other small states,2020,3.13,,-2.8,378201169802.01,,-5.65,-3.51,-5.75,-5.03
Other small states,2021,3.59,,,455685066365.31,,,1.74,4.18,5.08
Other small states,2022,0.73,,,529870616389.93,,,2.1,3.22,5.71
Other small states,2023,,,,,,,,,
Pacific island small states,2020,-0.96,,,9531900179.03,,,-8.56,-7.24,-9.93
Pacific island small states,2021,,,,9475964549.33,,,-7.56,-1.94,-4.38
Pacific island small states,2022,,,,10226024919.58,,,17.94,4.13,5.9
Pacific island small states,2023,,,,,,,,,
Pakistan,2020,3.91,1.52,-1.64,300425609206.18,-6.06,-5.06,-5.75,-7.8,-1.21
Pakistan,2021,3.48,6.52,8.42,348262544719.25,4.7,14.49,7.81,10.52,6.0
Pakistan,2022,4.4,8.42,8.51,376532751806.99,2.92,15.62,7.19,9.8,6.19
Pakistan,2023,,,,,,,,,
Palau,2020,-7.37,,,251900000.0,,,-7.3,-6.9,-10.82
Palau,2021,-2.27,,,217800000.0,,,-3.42,-11.11,-14.9
Palau,2022,,,,,,,,,
Palau,2023,,,,,,,,,
Panama,2020,1.87,,,57086836942.41,,,-34.65,-20.69,-10.46
Panama,2021,4.73,,,67406738051.74,,,29.59,11.35,11.59
Panama,2022,5.18,,,76522511780.62,,,12.73,5.13,10.38
Panama,2023,,,,,,,,,
Papua New Guinea,2020,1.86,,,23848442440.27,,,-7.5,-6.41,-0.18
Papua New Guinea,2021,,,,26311656000.0,,,,,
Papua New Guinea,2022,,,,30633444294.63,,,,,
Papua New Guinea,2023,,,,,,,,,
Paraguay,2020,7.43,-9.01,-2.24,35432177936.33,-4.74,-15.18,0.74,-1.28,-3.07
Paraguay,2021,-11.64,2.06,5.51,39950899733.23,27.19,21.81,5.01,6.89,6.5
Paraguay,2022,-8.74,-1.64,0.97,41722295362.07,7.1,5.55,0.4,0.11,1.62
Paraguay,2023,,,,,,,,,
Peru,2020,0.97,-16.43,-6.82,201947603715.41,-23.33,-15.45,-12.99,-12.47,-10.73
Peru,2021,5.3,19.24,10.96,223717791482.58,32.97,26.35,17.13,18.44,11.65
Peru,2022,3.03,5.93,2.79,242631549613.27,0.55,4.24,1.33,0.99,3.26
Peru,2023,,,,,,,,,
Philippines,2020,-0.19,-16.14,-5.26,361751145432.4,-34.22,-21.55,-13.12,-9.78,-9.13
Philippines,2021,-0.29,8.0,4.72,394087362017.32,20.02,12.82,8.53,8.88,5.37
Philippines,2022,0.47,10.9,7.69,404284327311.71,13.76,13.94,6.54,4.89,9.2
Philippines,2023,,,,,,,,,
Poland,2020,15.26,-1.09,-1.46,599442783603.19,-7.46,-2.41,-4.5,-5.48,-1.36
Poland,2021,-11.06,12.45,5.95,679441900610.66,18.06,16.13,3.36,1.91,8.9
Poland,2022,-1.73,4.51,2.16,688176605954.79,16.81,5.46,6.96,7.22,3.96
Poland,2023,,,,,,,,,
Portugal,2020,-3.27,-18.63,-5.52,229031860520.77,-4.72,-11.81,-5.93,-7.24,-8.47
Portugal,2021,5.76,13.42,4.64,253982847571.02,10.05,13.24,5.63,6.72,4.59
Portugal,2022,-2.87,16.71,4.9,251945377529.39,3.05,11.1,2.07,2.81,7.94
Portugal,2023,,,,,,,,,
Post-demographic dividend,2020,2.75,-9.63,-3.72,49719390050877.1,-5.2,-8.44,-4.52,-5.67,-4.28
Post-demographic dividend,2021,-5.92,8.63,5.33,55090863284051.6,6.69,10.14,4.73,7.12,5.51
Post-demographic dividend,2022,,3.98,,56013534785820.3,,5.36,,,
Post-demographic dividend,2023,,,,,,,,,
Pre-demographic dividend,2020,3.27,-13.69,1.47,1308382294199.16,-277.92,-24.7,-5.49,-1.7,-2.74
Pre-demographic dividend,2021,0.98,-6.13,9.08,1429588429473.92,136.88,17.02,0.65,4.1,5.15
Pre-demographic dividend,2022,1.72,,,1612324668164.53,,,3.54,2.93,4.83
Pre-demographic dividend,2023,,,,,,,,,
Puerto Rico,2020,,,-8.07,103130900000.0,-29.6,,,,
Puerto Rico,2021,,,16.37,106368900000.0,-7.7,,,,
Puerto Rico,2022,,,7.27,113434800000.0,35.47,,,,
Puerto Rico,2023,,,,,,,,,
Qatar,2020,18.53,-1.55,-3.95,144411363345.27,-10.39,-8.87,-3.17,-6.78,-3.44
Qatar,2021,0.47,,,179677131707.29,,,0.66,3.87,3.29
Qatar,2022,7.68,,,237295575171.1,,,2.52,3.17,6.8
Qatar,2023,,,,,,,,,
Romania,2020,-15.27,-9.47,-2.77,251362534092.32,0.17,-5.19,-4.21,-8.06,-0.12
Romania,2021,5.95,12.6,6.49,285404683024.54,8.64,14.93,3.2,12.89,7.68
Romania,2022,-11.64,8.62,3.8,301261582924.09,9.79,9.19,0.48,-3.14,
Romania,2023,,,,,,,,,
Russian Federation,2020,0.23,-4.17,-3.93,1493075887459.81,-4.35,-11.88,-2.75,0.14,-2.16
Russian Federation,2021,-0.83,3.28,8.09,1836892075547.52,14.14,19.11,5.31,5.98,7.03
Russian Federation,2022,6.65,-13.89,-0.36,2240422438363.27,-4.94,-14.99,-0.17,-2.48,-2.33
Russian Federation,2023,,,,,,,,,
Rwanda,2020,0.86,-9.16,-3.8,10172925171.59,3.53,-3.44,-4.24,2.02,-5.53
Rwanda,2021,6.37,2.85,9.74,11055281971.05,11.4,3.61,13.4,10.59,11.88
Rwanda,2022,1.55,30.13,11.61,13312796765.23,-10.05,16.05,4.97,11.0,12.15
Rwanda,2023,,,,,,,,,
Samoa,2020,-1.42,-20.51,3.51,868898350.36,-6.94,-1.92,-9.6,-15.44,-1.15
Samoa,2021,0.9,-56.94,7.85,843850777.82,-6.62,-7.49,-9.65,6.31,-6.8
Samoa,2022,-9.36,-2.95,-1.53,832421565.37,-7.44,1.51,-0.19,1.17,-5.47
Samoa,2023,,,,,,,,,
San Marino,2020,-13.84,-7.14,-2.48,1541247884.0,-28.25,-9.24,-4.4,-3.94,-6.93
San Marino,2021,27.88,29.45,0.42,1855382833.15,37.97,33.69,11.57,12.94,5.82
San Marino,2022,,,,,,,,,
San Marino,2023,,,,,,,,,
Sao Tome and Principe,2020,-1.26,,,472551023.61,,,1.33,5.3,2.47
Sao Tome and Principe,2021,-0.79,,,526653790.67,,,1.44,0.77,2.02
Sao Tome and Principe,2022,-2.9,,,546680341.65,,,-0.17,-0.29,1.64
Sao Tome and Principe,2023,,,,,,,,,
Saudi Arabia,2020,-1.66,-10.6,-4.1,734271183954.88,-10.51,-19.73,-5.9,-8.51,-2.84
Saudi Arabia,2021,2.65,1.01,6.16,868585871464.54,7.44,8.32,1.84,11.41,5.73
Saudi Arabia,2022,3.91,18.69,5.49,1108148978218.49,4.2,12.03,12.85,7.89,4.28
Saudi Arabia,2023,,,,,,,,,
Senegal,2020,12.24,-13.23,2.07,24530513058.59,16.79,6.98,-1.52,0.09,0.56
Senegal,2021,0.55,22.65,4.76,27569136728.26,11.74,15.48,7.84,6.69,7.51
Senegal,2022,0.26,8.08,5.05,27684430244.49,28.94,29.14,1.14,1.04,6.24
Senegal,2023,,,,,,,,,
Serbia,2020,2.33,-4.22,-0.95,53356484763.84,-0.09,-3.61,-0.52,0.51,-0.96
Serbia,2021,-5.67,19.51,7.01,63082021205.93,9.62,17.67,8.63,5.13,8.46
Serbia,2022,-8.29,17.64,3.03,63501748652.3,-8.92,17.79,-0.75,,4.49
Serbia,2023,,,,,,,,,
Seychelles,2020,-13.46,-25.69,3.65,1183515397.65,-12.69,-15.45,0.57,17.26,-11.31
Seychelles,2021,3.1,9.92,5.49,1286687873.18,1.83,7.67,2.88,15.41,6.1
Seychelles,2022,3.8,9.08,4.6,1588406479.16,2.74,3.13,3.5,3.24,10.2
Seychelles,2023,,,,,,,,,
Sierra Leone,2020,1.63,-9.84,4.71,4062906363.56,-9.27,7.49,-7.09,-6.72,-5.58
Sierra Leone,2021,2.5,1.88,24.67,4249234573.99,0.97,46.63,17.41,3.96,2.87
Sierra Leone,2022,,,,3970343852.32,,,,,
Sierra Leone,2023,,,,,,,,,
Singapore,2020,-4.3,0.43,,348392174863.65,,-1.13,-0.2,7.53,-4.26
Singapore,2021,11.39,11.71,,423796995372.73,,11.98,13.48,13.3,7.18
Singapore,2022,-7.7,-1.3,,466788539651.84,,-1.89,2.9,2.51,4.59
Singapore,2023,,,,,,,,,
Sint Maarten (Dutch part),2020,,,,1240279329.61,,,,,
Sint Maarten (Dutch part),2021,,,,1384636871.51,,,,,
Sint Maarten (Dutch part),2022,,,,1571564245.81,,,,,
Sint Maarten (Dutch part),2023,,,,,,,,,
Slovak Republic,2020,5.55,-6.34,-0.99,106728917483.03,-17.72,-8.13,-12.56,-15.17,1.54
Slovak Republic,2021,-1.34,10.91,3.02,118656591909.27,16.59,12.09,10.2,11.7,1.45
Slovak Republic,2022,2.26,2.27,2.85,115468803971.54,4.66,3.99,-0.4,0.67,2.47
Slovak Republic,2023,,,,,,,,,
Slovenia,2020,4.23,-8.6,-4.05,53706800043.68,-7.07,-9.59,-3.28,-3.1,-3.57
Slovenia,2021,-9.88,14.5,8.42,61748586534.87,15.13,17.58,9.43,11.41,7.12
Slovenia,2022,2.22,6.51,6.63,62117768014.86,12.39,9.76,2.1,1.8,8.06
Slovenia,2023,,,,,,,,,
Small states,2020,2.29,,-4.07,453727992926.43,,-7.46,-3.0,-6.22,-6.43
Small states,2021,1.91,,,540833833541.34,,,2.13,3.38,4.73
Small states,2022,,,,633046575611.16,,,2.21,3.16,6.01
Small states,2023,,,,,,,,,
Solomon Islands,2020,-3.81,-21.85,-13.8,1536145831.06,-13.26,-37.05,-3.84,-3.25,-2.96
Solomon Islands,2021,,-6.52,,1580303517.17,,4.78,,,
Solomon Islands,2022,,,,1595710784.31,,,,,
Solomon Islands,2023,,,,,,,,,
Somalia,2020,,,,6883000000.0,,,,,
Somalia,2021,,,,7628000011.46,,,,,
Somalia,2022,,,,8126105600.0,,,,,
Somalia,2023,,,,,,,,,
South Africa,2020,14.95,-11.86,-4.36,337619569570.51,-25.37,-17.4,-12.45,-12.46,-4.4
South Africa,2021,8.83,9.99,4.38,419015636064.71,7.01,9.49,6.12,6.53,4.09
South Africa,2022,0.27,7.55,2.22,405869718462.34,14.16,14.21,-2.32,-0.05,3.57
South Africa,2023,,,,,,,,,
South Asia,2020,3.98,-10.11,-3.56,3490012356687.83,-6.98,-13.13,-1.05,1.62,-6.37
South Asia,2021,3.38,26.01,9.74,4062783801939.27,16.08,19.99,10.85,10.82,7.82
South Asia,2022,3.36,12.31,6.4,4361631457999.02,8.48,18.32,3.87,1.96,8.37
South Asia,2023,,,,,,,,,
South Asia (IDA & IBRD),2020,3.98,-10.11,-3.56,3490012356687.83,-6.98,-13.13,-1.05,1.62,-6.37
South Asia (IDA & IBRD),2021,3.38,26.01,9.74,4062783801939.27,16.08,19.99,10.85,10.82,7.82
South Asia (IDA & IBRD),2022,3.36,12.31,6.4,4361631457999.02,8.48,18.32,3.87,1.96,8.37
South Asia (IDA & IBRD),2023,,,,,,,,,
South Sudan,2020,,,,,,,,,
South Sudan,2021,,,,,,,,,
South Sudan,2022,,,,,,,,,
South Sudan,2023,,,,,,,,,
Spain,2020,4.46,-19.94,-8.35,1276962685648.23,-13.18,-14.85,-13.14,-15.39,-11.45
Spain,2021,2.07,14.38,5.09,1427380681294.55,5.86,13.92,4.03,8.91,5.95
Spain,2022,-1.07,14.43,3.01,1397509272054.48,3.46,7.9,3.25,3.83,6.46
Spain,2023,,,,,,,,,
Sri Lanka,2020,-0.9,-29.56,-4.94,84440535698.82,-0.63,-20.07,-5.32,-2.56,-1.92
Sri Lanka,2021,0.94,10.12,1.82,88496535599.36,4.47,4.1,5.73,7.4,3.46
Sri Lanka,2022,-4.57,10.22,-7.51,74403578363.44,-24.9,-19.88,-15.95,-12.63,-2.01
Sri Lanka,2023,,,,,,,,,
St. Kitts and Nevis,2020,0.39,,,884522222.22,,,-12.31,-19.68,-13.63
St. Kitts and Nevis,2021,10.47,,,860844444.44,,,1.55,-10.33,-0.8
St. Kitts and Nevis,2022,0.36,,,961563259.26,,,-2.81,-24.99,13.03
St. Kitts and Nevis,2023,,,,,,,,,
St. Lucia,2020,-13.18,,,1516000000.0,,,-3.28,-0.43,-27.55
St. Lucia,2021,5.18,,,1691259259.26,,,10.78,4.32,11.8
St. Lucia,2022,9.74,,,2065027555.56,,,-0.42,7.98,17.17
St. Lucia,2023,,,,,,,,,
St. Martin (French part),2020,,,,,,,,,
St. Martin (French part),2021,,,,,,,,,
St. Martin (French part),2022,,,,,,,,,
St. Martin (French part),2023,,,,,,,,,
St. Vincent and the Grenadines,2020,1.62,,,869111852.75,,,-7.32,-5.18,-4.43
St. Vincent and the Grenadines,2021,-29.37,,,872226063.71,,,6.12,-0.16,-0.12
St. Vincent and the Grenadines,2022,-6.07,,,948558503.13,,,11.88,12.0,6.08
St. Vincent and the Grenadines,2023,,,,,,,,,
Sub-Saharan Africa,2020,3.03,-16.74,0.43,1714053357042.69,-7.34,-23.11,-4.11,-4.46,-2.5
Sub-Saharan Africa,2021,3.09,4.52,8.44,1926457861345.46,26.71,19.57,2.73,4.88,5.07
Sub-Saharan Africa,2022,2.48,7.98,,2047347019065.53,,11.43,1.36,2.33,5.03
Sub-Saharan Africa,2023,,,,,,,,,
Sub-Saharan Africa (IDA & IBRD countries),2020,3.03,-16.74,0.43,1714053357042.69,-7.34,-23.11,-4.11,-4.46,-2.5
Sub-Saharan Africa (IDA & IBRD countries),2021,3.09,4.52,8.44,1926457861345.46,26.71,19.57,2.73,4.88,5.07
Sub-Saharan Africa (IDA & IBRD countries),2022,2.48,7.98,,2047347019065.53,,11.43,1.36,2.33,5.03
Sub-Saharan Africa (IDA & IBRD countries),2023,,,,,,,,,
Sub-Saharan Africa (excluding high income),2020,3.04,-16.7,0.43,1712869841645.04,-7.33,-23.14,-4.12,-4.47,-2.48
Sub-Saharan Africa (excluding high income),2021,3.09,4.5,8.44,1925171173472.27,26.75,19.62,2.73,4.87,5.06
Sub-Saharan Africa (excluding high income),2022,2.48,7.98,,2045758612586.37,,11.47,1.36,2.33,5.03
Sub-Saharan Africa (excluding high income),2023,,,,,,,,,
Sudan,2020,-2.5,5.23,-4.06,27034593750.0,-2.0,-9.0,-5.7,,-3.04
Sudan,2021,-0.6,2.0,-1.82,34229513774.99,-2.1,-0.5,-0.7,,-3.9
Sudan,2022,1.0,4.5,-0.56,51662241775.24,-1.6,6.0,-0.74,,-3.0
Sudan,2023,,,,,,,,,
Suriname,2020,-10.31,,,2911807496.2,,,-17.47,1.51,-15.96
Suriname,2021,-7.52,,,2984706243.65,,,-10.92,-19.73,1.72
Suriname,2022,,,,3620655116.22,,,,,
Suriname,2023,,,,,,,,,
Sweden,2020,-2.77,-5.45,-2.66,547054174235.88,-1.27,-6.05,-0.53,-5.58,-3.23
Sweden,2021,3.28,10.05,4.99,636856236396.24,7.88,11.46,6.23,9.46,5.12
Sweden,2022,-1.28,6.6,1.31,585939170123.86,9.01,8.72,1.45,1.83,3.09
Sweden,2023,,,,,,,,,
Switzerland,2020,-2.2,-5.17,-2.78,739913619797.44,3.96,-3.17,-3.93,-4.15,-1.65
Switzerland,2021,-6.54,12.4,2.0,800640155387.26,-7.22,4.96,7.91,11.43,3.0
Switzerland,2022,8.19,5.47,3.14,807706035351.75,-1.13,5.88,2.26,4.23,1.99
Switzerland,2023,,,,,,,,,
Syrian Arab Republic,2020,2.83,47.1,-27.51,11159274040.27,,-11.77,-14.77,,-3.02
Syrian Arab Republic,2021,,,,,,,,,
Syrian Arab Republic,2022,,,,,,,,,
Syrian Arab Republic,2023,,,,,,,,,
Tajikistan,2020,7.9,21.8,3.23,8133963813.33,-4.6,-0.4,16.78,,-4.73
Tajikistan,2021,-0.3,55.4,4.6,8937805347.14,12.0,20.0,13.82,,7.68
Tajikistan,2022,8.0,,,10492123387.79,,,12.84,,4.33
Tajikistan,2023,,,,,,,,,
Tanzania,2020,3.07,-8.6,1.77,66068737757.27,6.42,-7.58,2.52,2.54,0.9
Tanzania,2021,3.7,5.2,3.21,70655628140.58,8.37,9.6,4.1,4.8,4.76
Tanzania,2022,3.3,10.2,5.31,75709289056.45,9.9,23.7,4.3,5.0,5.53
Tanzania,2023,,,,,,,,,
Thailand,2020,-3.34,-19.68,-0.26,500457261548.08,,-13.91,-5.37,-5.55,-7.01
Thailand,2021,2.25,11.09,1.38,505568057004.25,,17.75,3.67,4.93,0.28
Thailand,2022,2.51,6.8,4.67,495340592811.19,,4.1,-0.67,0.4,4.61
Thailand,2023,,,,,,,,,
Timor-Leste,2020,0.56,207.46,0.58,2158392500.0,-30.95,11.16,118.22,-11.2,-7.22
Timor-Leste,2021,5.49,8.22,0.3,3621222400.0,33.03,9.56,5.65,-19.04,6.17
Timor-Leste,2022,,,,3163324631.03,,,,,
Timor-Leste,2023,,,,,,,,,
Togo,2020,3.29,6.47,-11.91,7389329392.77,36.57,1.64,3.99,1.74,1.1
Togo,2021,3.38,5.27,8.22,8334047485.51,-0.25,6.9,5.69,,5.87
Togo,2022,5.0,-1.11,2.3,8126439480.61,27.01,5.13,7.27,,6.22
Togo,2023,,,,,,,,,
Tonga,2020,3.16,-5.5,-0.91,484796858.84,-5.79,-4.44,-3.11,3.7,-0.33
Tonga,2021,0.1,-48.85,14.55,469228124.15,-19.49,-13.0,1.23,-11.39,-7.65
Tonga,2022,,,,,,,,,
Tonga,2023,,,,,,,,,
Trinidad and Tobago,2020,31.14,,,21059428846.02,,,-10.76,-10.6,-6.36
Trinidad and Tobago,2021,-16.55,,,24460196270.12,,,-0.99,0.05,-2.02
Trinidad and Tobago,2022,,,,27899082337.37,,,,,
Trinidad and Tobago,2023,,,,,,,,,
Tunisia,2020,0.36,-20.04,-4.9,42538462678.12,-38.8,-16.56,-10.13,-9.76,-9.57
Tunisia,2021,-2.71,11.8,2.86,46687298709.35,23.73,10.88,8.7,6.74,4.1
Tunisia,2022,2.04,5.87,3.01,46664948951.66,4.69,9.48,-0.39,5.02,3.93
Tunisia,2023,,,,,,,,,
Turkiye,2020,5.74,-14.36,3.13,720288811761.92,,6.71,0.96,3.38,0.64
Turkiye,2021,-2.94,24.89,12.82,819034484303.17,,2.38,12.46,18.47,12.65
Turkiye,2022,0.62,9.06,17.03,905987824096.13,,7.9,0.88,4.31,9.68
Turkiye,2023,,,,,,,,,
Turkmenistan,2020,,,,45610571428.57,,,,,
Turkmenistan,2021,,,,,,,,,
Turkmenistan,2022,,,,,,,,,
Turkmenistan,2023,,,,,,,,,
Turks and Caicos Islands,2020,-10.26,,,924583000.0,,,-1.9,-3.0,-29.08
Turks and Caicos Islands,2021,-0.42,,,1044778790.0,,,5.0,-2.5,1.72
Turks and Caicos Islands,2022,,,,1138808881.1,,,,,
Turks and Caicos Islands,2023,,,,,,,,,
Tuvalu,2020,,,,51746568.7,,,,,
Tuvalu,2021,,,,60196366.81,,,,,
Tuvalu,2022,,,,60349391.1,,,,,
Tuvalu,2023,,,,,,,,,
Uganda,2020,4.82,-1.17,3.23,37605430214.35,0.15,0.44,3.25,1.26,2.51
Uganda,2021,4.32,0.24,6.03,40510241365.9,4.73,18.85,3.47,2.21,2.76
Uganda,2022,4.36,-19.83,4.39,45559202048.73,4.51,-7.97,5.12,3.84,4.09
Uganda,2023,,,,,,,,,
Ukraine,2020,-10.7,-5.81,1.18,156617719786.25,-37.53,-6.35,-3.24,-5.76,-1.96
Ukraine,2021,15.13,-8.57,6.99,199765856764.5,81.31,14.2,2.28,1.98,3.37
Ukraine,2022,-28.4,-42.4,-18.04,160502739236.1,-33.49,-18.5,-43.15,-43.1,-23.63
Ukraine,2023,,,,,,,,,
United Arab Emirates,2020,-3.08,-7.02,-9.35,349473015330.16,3.9,-6.43,-2.79,2.42,-7.07
United Arab Emirates,2021,28.53,,,415021590687.54,,,2.54,12.54,4.93
United Arab Emirates,2022,,,,507534921715.45,,,,,
United Arab Emirates,2023,,,,,,,,,
United Kingdom,2020,-3.49,-12.08,-11.84,2704609160088.15,-14.59,-16.05,-3.14,0.11,-12.45
United Kingdom,2021,6.19,2.24,7.76,3122480345924.54,13.98,6.19,9.29,10.08,7.53
United Kingdom,2022,3.29,9.89,4.63,3070667732359.21,3.3,13.29,-0.48,-3.84,5.33
United Kingdom,2023,,,,,,,,,
United States,2020,12.73,-13.24,-2.09,21060473613000.0,-3.8,-8.96,-3.52,-4.6,-2.4
United States,2021,-19.48,6.05,7.01,23315080560000.0,6.94,14.13,3.25,6.79,6.63
United States,2022,,,,25462700000000.0,,,,,
United States,2023,,,,,,,,,
Upper middle income,2020,2.58,,-2.16,23928189369748.5,2.18,,-0.24,,-0.92
Upper middle income,2021,4.71,,7.7,28475143446764.0,5.82,,7.97,,7.6
Upper middle income,2022,3.09,,3.52,30055338614864.1,3.13,,3.32,,3.12
Upper middle income,2023,,,,,,,,,
Uruguay,2020,-6.06,-16.32,-6.85,53666908479.56,7.71,-12.21,-4.42,-5.71,-7.06
Uruguay,2021,13.97,11.71,4.04,61412268248.95,18.29,18.17,6.76,7.58,3.99
Uruguay,2022,-2.89,11.11,5.04,71177146197.5,5.2,12.46,1.76,0.07,6.43
Uruguay,2023,,,,,,,,,
Uzbekistan,2020,2.85,-20.11,0.49,60224701295.8,,-14.86,2.46,7.87,1.1
Uzbekistan,2021,3.95,13.44,9.66,69600614988.6,,23.39,8.36,8.3,9.47
Uzbekistan,2022,3.56,24.56,9.2,80391853884.76,,13.65,5.48,5.32,8.48
Uzbekistan,2023,,,,,,,,,
Vanuatu,2020,,-71.09,2.76,909421043.51,50.09,-6.7,,,
Vanuatu,2021,,-42.21,3.55,971636097.85,18.51,6.86,,,
Vanuatu,2022,,70.01,2.63,983582864.56,-4.34,8.41,,,
Vanuatu,2023,,,,,,,,,
"Venezuela, RB",2020,,,,,,,,,
"Venezuela, RB",2021,,,,,,,,,
"Venezuela, RB",2022,,,,,,,,,
"Venezuela, RB",2023,,,,,,,,,
Viet Nam,2020,3.04,4.06,0.5,346615750166.55,4.11,3.28,4.38,4.99,2.01
Viet Nam,2021,3.27,13.85,2.33,366137590717.8,3.96,15.83,3.58,6.05,1.57
Viet Nam,2022,3.36,,,408802379068.23,,,7.78,8.1,9.99
Viet Nam,2023,,,,,,,,,
Virgin Islands (U.S.),2020,,-17.74,-4.66,4204000000.0,,-10.62,,,
Virgin Islands (U.S.),2021,,,,,,,,,
Virgin Islands (U.S.),2022,,,,,,,,,
Virgin Islands (U.S.),2023,,,,,,,,,
West Bank and Gaza,2020,-9.06,-11.2,-10.58,15531700000.0,-20.31,-14.17,-19.4,-15.64,-9.97
West Bank and Gaza,2021,-0.71,17.32,8.11,18109000000.0,13.27,14.85,4.53,2.47,7.51
West Bank and Gaza,2022,-5.65,6.24,13.91,19111900000.0,11.34,25.69,3.35,4.93,1.47
West Bank and Gaza,2023,,,,,,,,,
World,2020,2.67,-8.9,-3.14,85215150558552.1,-2.81,-9.22,-2.35,-4.22,-3.35
World,2021,2.15,9.66,6.24,96882397612409.2,6.95,11.31,6.28,7.8,6.12
World,2022,2.67,5.58,,100562011134034.0,,6.99,3.07,,
World,2023,,,,,,,,,
"Yemen, Rep.",2020,,,,,,,,,
"Yemen, Rep.",2021,,,,,,,,,
"Yemen, Rep.",2022,,,,,,,,,
"Yemen, Rep.",2023,,,,,,,,,
Zambia,2020,17.21,,,18110638619.37,,,1.27,0.98,-6.1
Zambia,2021,6.93,,,22147649568.61,,,4.18,4.17,4.73
Zambia,2022,-2.43,,,29784454055.94,,,-2.14,4.36,9.85
Zambia,2023,,,,,,,,,
Zimbabwe,2020,4.15,-39.8,-4.54,21509698406.11,-4.06,-28.97,-8.24,-18.5,-9.59
Zimbabwe,2021,17.48,41.13,14.26,28371238665.51,-3.76,54.79,6.37,1.2,7.7
Zimbabwe,2022,,,,20678055597.73,,,,,
Zimbabwe,2023,,,,,,,,,
